[{"pk": 17, "model": "contenttypes.contenttype", "fields": {"model": "cart", "name": "cart", "app_label": "ballpark"}}, {"pk": 18, "model": "contenttypes.contenttype", "fields": {"model": "cart_extra", "name": "cart_extra", "app_label": "ballpark"}}, {"pk": 4, "model": "contenttypes.contenttype", "fields": {"model": "contenttype", "name": "content type", "app_label": "contenttypes"}}, {"pk": 16, "model": "contenttypes.contenttype", "fields": {"model": "customer", "name": "customer", "app_label": "ballpark"}}, {"pk": 11, "model": "contenttypes.contenttype", "fields": {"model": "extra_item", "name": "extra_item", "app_label": "ballpark"}}, {"pk": 2, "model": "contenttypes.contenttype", "fields": {"model": "group", "name": "group", "app_label": "auth"}}, {"pk": 9, "model": "contenttypes.contenttype", "fields": {"model": "item_type", "name": "item_type", "app_label": "ballpark"}}, {"pk": 6, "model": "contenttypes.contenttype", "fields": {"model": "logentry", "name": "log entry", "app_label": "admin"}}, {"pk": 10, "model": "contenttypes.contenttype", "fields": {"model": "menu_item", "name": "menu_item", "app_label": "ballpark"}}, {"pk": 14, "model": "contenttypes.contenttype", "fields": {"model": "order", "name": "order", "app_label": "ballpark"}}, {"pk": 15, "model": "contenttypes.contenttype", "fields": {"model": "order_extra", "name": "order_extra", "app_label": "ballpark"}}, {"pk": 13, "model": "contenttypes.contenttype", "fields": {"model": "order_status", "name": "order_status", "app_label": "ballpark"}}, {"pk": 1, "model": "contenttypes.contenttype", "fields": {"model": "permission", "name": "permission", "app_label": "auth"}}, {"pk": 8, "model": "contenttypes.contenttype", "fields": {"model": "restaurant", "name": "restaurant", "app_label": "ballpark"}}, {"pk": 5, "model": "contenttypes.contenttype", "fields": {"model": "session", "name": "session", "app_label": "sessions"}}, {"pk": 7, "model": "contenttypes.contenttype", "fields": {"model": "stadium", "name": "stadium", "app_label": "ballpark"}}, {"pk": 12, "model": "contenttypes.contenttype", "fields": {"model": "status_description", "name": "status_description", "app_label": "ballpark"}}, {"pk": 3, "model": "contenttypes.contenttype", "fields": {"model": "user", "name": "user", "app_label": "auth"}}, {"pk": "d9483d5e98dee420a19c5e8d114f341c", "model": "sessions.session", "fields": {"expire_date": "2012-04-19T16:34:17", "session_data": "OWZmZWY0OWRlN2I0YmYwNTg3ZjdlN2Q0NjljMDc4YmYwYmE5NmM3MjqAAn1xAShVEl9hdXRoX3Vz\nZXJfYmFja2VuZHECVSlkamFuZ28uY29udHJpYi5hdXRoLmJhY2tlbmRzLk1vZGVsQmFja2VuZHED\nVQ1fYXV0aF91c2VyX2lkcQSKAQF1Lg==\n"}}, {"pk": "838f125f1337553ba77574957099a8cd", "model": "sessions.session", "fields": {"expire_date": "2012-04-20T07:06:09", "session_data": "OWZmZWY0OWRlN2I0YmYwNTg3ZjdlN2Q0NjljMDc4YmYwYmE5NmM3MjqAAn1xAShVEl9hdXRoX3Vz\nZXJfYmFja2VuZHECVSlkamFuZ28uY29udHJpYi5hdXRoLmJhY2tlbmRzLk1vZGVsQmFja2VuZHED\nVQ1fYXV0aF91c2VyX2lkcQSKAQF1Lg==\n"}}, {"pk": "f940c2b34f3f477bcb3a07cbd8b0ceb1", "model": "sessions.session", "fields": {"expire_date": "2012-04-19T10:59:00", "session_data": "OWZmZWY0OWRlN2I0YmYwNTg3ZjdlN2Q0NjljMDc4YmYwYmE5NmM3MjqAAn1xAShVEl9hdXRoX3Vz\nZXJfYmFja2VuZHECVSlkamFuZ28uY29udHJpYi5hdXRoLmJhY2tlbmRzLk1vZGVsQmFja2VuZHED\nVQ1fYXV0aF91c2VyX2lkcQSKAQF1Lg==\n"}}, {"pk": "8d43206d1c13f40c184ec05e26500580", "model": "sessions.session", "fields": {"expire_date": "2012-04-20T14:34:39", "session_data": "OWU2Yzc2NjhhMzQ4NDA5OGZjMzU2Y2I4NjMxY2Y5MGRjYTY3NjdiYjqAAn1xAS4=\n"}}, {"pk": "f65ffb315f465ed4e760f49b46ccb232", "model": "sessions.session", "fields": {"expire_date": "2012-04-23T23:09:08", "session_data": "OWU2Yzc2NjhhMzQ4NDA5OGZjMzU2Y2I4NjMxY2Y5MGRjYTY3NjdiYjqAAn1xAS4=\n"}}, {"pk": "74d44965bb085f6797b5b81b32c2bfce", "model": "sessions.session", "fields": {"expire_date": "2012-04-22T19:48:08", "session_data": "Y2RjMmM0YzkyMmNmNjVjZTI4OGI3ZjU2MzM3YjFhOTI4M2RiYzUzNTqAAn1xAVUKdGVzdGNvb2tp\nZXECVQZ3b3JrZWRxA3Mu\n"}}, {"pk": "1cf798f66bb925456018aa9b38ff01ef", "model": "sessions.session", "fields": {"expire_date": "2012-04-23T15:01:38", "session_data": "OWU2Yzc2NjhhMzQ4NDA5OGZjMzU2Y2I4NjMxY2Y5MGRjYTY3NjdiYjqAAn1xAS4=\n"}}, {"pk": "1a35f7ec25246350fd743ee25dbb1505", "model": "sessions.session", "fields": {"expire_date": "2012-04-23T19:35:55", "session_data": "Y2RjMmM0YzkyMmNmNjVjZTI4OGI3ZjU2MzM3YjFhOTI4M2RiYzUzNTqAAn1xAVUKdGVzdGNvb2tp\nZXECVQZ3b3JrZWRxA3Mu\n"}}, {"pk": "1c5001eee25e65053a4961a3a2560492", "model": "sessions.session", "fields": {"expire_date": "2012-04-24T17:26:33", "session_data": "OWZmZWY0OWRlN2I0YmYwNTg3ZjdlN2Q0NjljMDc4YmYwYmE5NmM3MjqAAn1xAShVEl9hdXRoX3Vz\nZXJfYmFja2VuZHECVSlkamFuZ28uY29udHJpYi5hdXRoLmJhY2tlbmRzLk1vZGVsQmFja2VuZHED\nVQ1fYXV0aF91c2VyX2lkcQSKAQF1Lg==\n"}}, {"pk": "97f7100585d8034eae7f6a5a42554349", "model": "sessions.session", "fields": {"expire_date": "2012-04-23T22:52:53", "session_data": "OWZmZWY0OWRlN2I0YmYwNTg3ZjdlN2Q0NjljMDc4YmYwYmE5NmM3MjqAAn1xAShVEl9hdXRoX3Vz\nZXJfYmFja2VuZHECVSlkamFuZ28uY29udHJpYi5hdXRoLmJhY2tlbmRzLk1vZGVsQmFja2VuZHED\nVQ1fYXV0aF91c2VyX2lkcQSKAQF1Lg==\n"}}, {"pk": "b1c80b2fac57d281efab4c56eb8425a4", "model": "sessions.session", "fields": {"expire_date": "2012-04-26T17:36:41", "session_data": "OWU2Yzc2NjhhMzQ4NDA5OGZjMzU2Y2I4NjMxY2Y5MGRjYTY3NjdiYjqAAn1xAS4=\n"}}, {"pk": "fddbf7cb4a77fbb494f66cb5235c6ad9", "model": "sessions.session", "fields": {"expire_date": "2012-04-26T17:21:56", "session_data": "OWZmZWY0OWRlN2I0YmYwNTg3ZjdlN2Q0NjljMDc4YmYwYmE5NmM3MjqAAn1xAShVEl9hdXRoX3Vz\nZXJfYmFja2VuZHECVSlkamFuZ28uY29udHJpYi5hdXRoLmJhY2tlbmRzLk1vZGVsQmFja2VuZHED\nVQ1fYXV0aF91c2VyX2lkcQSKAQF1Lg==\n"}}, {"pk": "53b6c6841a7821d2cc7cac68f6c059c4", "model": "sessions.session", "fields": {"expire_date": "2012-04-30T10:59:10", "session_data": "OWZmZWY0OWRlN2I0YmYwNTg3ZjdlN2Q0NjljMDc4YmYwYmE5NmM3MjqAAn1xAShVEl9hdXRoX3Vz\nZXJfYmFja2VuZHECVSlkamFuZ28uY29udHJpYi5hdXRoLmJhY2tlbmRzLk1vZGVsQmFja2VuZHED\nVQ1fYXV0aF91c2VyX2lkcQSKAQF1Lg==\n"}}, {"pk": "8f961b359cabd5c7780459a2d24f9b9f", "model": "sessions.session", "fields": {"expire_date": "2012-04-26T17:30:05", "session_data": "Y2RjMmM0YzkyMmNmNjVjZTI4OGI3ZjU2MzM3YjFhOTI4M2RiYzUzNTqAAn1xAVUKdGVzdGNvb2tp\nZXECVQZ3b3JrZWRxA3Mu\n"}}, {"pk": "95ab4d40e2120593c56b0c05d7b46202", "model": "sessions.session", "fields": {"expire_date": "2012-04-30T22:45:37", "session_data": "OWZmZWY0OWRlN2I0YmYwNTg3ZjdlN2Q0NjljMDc4YmYwYmE5NmM3MjqAAn1xAShVEl9hdXRoX3Vz\nZXJfYmFja2VuZHECVSlkamFuZ28uY29udHJpYi5hdXRoLmJhY2tlbmRzLk1vZGVsQmFja2VuZHED\nVQ1fYXV0aF91c2VyX2lkcQSKAQF1Lg==\n"}}, {"pk": "1989ea1d86cd8cc094c422ab7db38c67", "model": "sessions.session", "fields": {"expire_date": "2012-05-01T01:52:42", "session_data": "Y2RjMmM0YzkyMmNmNjVjZTI4OGI3ZjU2MzM3YjFhOTI4M2RiYzUzNTqAAn1xAVUKdGVzdGNvb2tp\nZXECVQZ3b3JrZWRxA3Mu\n"}}, {"pk": "ef0b8cd4d015972ea03ca70dd36fc63f", "model": "sessions.session", "fields": {"expire_date": "2012-04-29T04:58:49", "session_data": "OWZmZWY0OWRlN2I0YmYwNTg3ZjdlN2Q0NjljMDc4YmYwYmE5NmM3MjqAAn1xAShVEl9hdXRoX3Vz\nZXJfYmFja2VuZHECVSlkamFuZ28uY29udHJpYi5hdXRoLmJhY2tlbmRzLk1vZGVsQmFja2VuZHED\nVQ1fYXV0aF91c2VyX2lkcQSKAQF1Lg==\n"}}, {"pk": "dbde9b01617f689c1c68965619a541d7", "model": "sessions.session", "fields": {"expire_date": "2012-05-01T17:53:30", "session_data": "OWZmZWY0OWRlN2I0YmYwNTg3ZjdlN2Q0NjljMDc4YmYwYmE5NmM3MjqAAn1xAShVEl9hdXRoX3Vz\nZXJfYmFja2VuZHECVSlkamFuZ28uY29udHJpYi5hdXRoLmJhY2tlbmRzLk1vZGVsQmFja2VuZHED\nVQ1fYXV0aF91c2VyX2lkcQSKAQF1Lg==\n"}}, {"pk": "6b08c9bcc099c65695f17614b8606557", "model": "sessions.session", "fields": {"expire_date": "2012-05-01T04:58:13", "session_data": "OWU2Yzc2NjhhMzQ4NDA5OGZjMzU2Y2I4NjMxY2Y5MGRjYTY3NjdiYjqAAn1xAS4=\n"}}, {"pk": "fa116c17d85b94f2f810f58320e4d83b", "model": "sessions.session", "fields": {"expire_date": "2012-05-01T19:07:37", "session_data": "Y2RjMmM0YzkyMmNmNjVjZTI4OGI3ZjU2MzM3YjFhOTI4M2RiYzUzNTqAAn1xAVUKdGVzdGNvb2tp\nZXECVQZ3b3JrZWRxA3Mu\n"}}, {"pk": "61c9810b1fe6eeeac487a37d629685d8", "model": "sessions.session", "fields": {"expire_date": "2012-05-01T19:01:27", "session_data": "OWZmZWY0OWRlN2I0YmYwNTg3ZjdlN2Q0NjljMDc4YmYwYmE5NmM3MjqAAn1xAShVEl9hdXRoX3Vz\nZXJfYmFja2VuZHECVSlkamFuZ28uY29udHJpYi5hdXRoLmJhY2tlbmRzLk1vZGVsQmFja2VuZHED\nVQ1fYXV0aF91c2VyX2lkcQSKAQF1Lg==\n"}}, {"pk": "f5932420f445246d0b0a2ee183b5990e", "model": "sessions.session", "fields": {"expire_date": "2012-05-08T01:44:30", "session_data": "NThmN2JlOGU3YjQwYjZhOGNiODNmZTliYzg3ODMzODU3NDI5ZjgxZDqAAn1xAShVEl9hdXRoX3Vz\nZXJfYmFja2VuZHECVSlkamFuZ28uY29udHJpYi5hdXRoLmJhY2tlbmRzLk1vZGVsQmFja2VuZHED\nVQ1fYXV0aF91c2VyX2lkcQSKAQV1Lg==\n"}}, {"pk": "dabf328571ffc82a92a33006cc1feb58", "model": "sessions.session", "fields": {"expire_date": "2012-05-02T03:02:54", "session_data": "OWZmZWY0OWRlN2I0YmYwNTg3ZjdlN2Q0NjljMDc4YmYwYmE5NmM3MjqAAn1xAShVEl9hdXRoX3Vz\nZXJfYmFja2VuZHECVSlkamFuZ28uY29udHJpYi5hdXRoLmJhY2tlbmRzLk1vZGVsQmFja2VuZHED\nVQ1fYXV0aF91c2VyX2lkcQSKAQF1Lg==\n"}}, {"pk": "dc33d49dc9f1351f0e2443f15c13dff2", "model": "sessions.session", "fields": {"expire_date": "2012-05-06T23:13:33", "session_data": "OWZmZWY0OWRlN2I0YmYwNTg3ZjdlN2Q0NjljMDc4YmYwYmE5NmM3MjqAAn1xAShVEl9hdXRoX3Vz\nZXJfYmFja2VuZHECVSlkamFuZ28uY29udHJpYi5hdXRoLmJhY2tlbmRzLk1vZGVsQmFja2VuZHED\nVQ1fYXV0aF91c2VyX2lkcQSKAQF1Lg==\n"}}, {"pk": "22ba7637858bb4e11f04bb083e9e7ccc", "model": "sessions.session", "fields": {"expire_date": "2012-05-07T03:08:20", "session_data": "OWU2Yzc2NjhhMzQ4NDA5OGZjMzU2Y2I4NjMxY2Y5MGRjYTY3NjdiYjqAAn1xAS4=\n"}}, {"pk": "405649296b784b27ec07125367b95667", "model": "sessions.session", "fields": {"expire_date": "2012-05-08T03:38:46", "session_data": "OWU2Yzc2NjhhMzQ4NDA5OGZjMzU2Y2I4NjMxY2Y5MGRjYTY3NjdiYjqAAn1xAS4=\n"}}, {"pk": "7dfe644c0a4ad65d0127f80b276270dd", "model": "sessions.session", "fields": {"expire_date": "2012-05-08T04:20:37", "session_data": "OWZmZWY0OWRlN2I0YmYwNTg3ZjdlN2Q0NjljMDc4YmYwYmE5NmM3MjqAAn1xAShVEl9hdXRoX3Vz\nZXJfYmFja2VuZHECVSlkamFuZ28uY29udHJpYi5hdXRoLmJhY2tlbmRzLk1vZGVsQmFja2VuZHED\nVQ1fYXV0aF91c2VyX2lkcQSKAQF1Lg==\n"}}, {"pk": "6b82bceef886ae2a8db8521cf7824831", "model": "sessions.session", "fields": {"expire_date": "2012-05-08T18:08:37", "session_data": "OWZmZWY0OWRlN2I0YmYwNTg3ZjdlN2Q0NjljMDc4YmYwYmE5NmM3MjqAAn1xAShVEl9hdXRoX3Vz\nZXJfYmFja2VuZHECVSlkamFuZ28uY29udHJpYi5hdXRoLmJhY2tlbmRzLk1vZGVsQmFja2VuZHED\nVQ1fYXV0aF91c2VyX2lkcQSKAQF1Lg==\n"}}, {"pk": "f3ce33fc6944ba34243d3f68a35ecdaa", "model": "sessions.session", "fields": {"expire_date": "2012-05-08T18:03:59", "session_data": "ODRkZWJhYTFkNGFiNGEyMjczM2I3ZGRjMDBkMjkyYjM1YTljYjg5NzqAAn1xAShVEl9hdXRoX3Vz\nZXJfYmFja2VuZHECVSlkamFuZ28uY29udHJpYi5hdXRoLmJhY2tlbmRzLk1vZGVsQmFja2VuZHED\nVQ1fYXV0aF91c2VyX2lkcQSKAQh1Lg==\n"}}, {"pk": "Cowboys Stadium", "model": "ballpark.stadium", "fields": {"latitude": "32.7477780", "longitude": "-97.0927780"}}, {"pk": "Madison Square Garden", "model": "ballpark.stadium", "fields": {"latitude": "40.7505560", "longitude": "-73.9936110"}}, {"pk": "Rose Bowl", "model": "ballpark.stadium", "fields": {"latitude": "34.1613890", "longitude": "-118.1675000"}}, {"pk": "Comiskey Park", "model": "ballpark.stadium", "fields": {"latitude": "41.8316670", "longitude": "-87.6336110"}}, {"pk": 1, "model": "ballpark.restaurant", "fields": {"username": "", "delivery_fee": "2.00", "current_business_date": "2012-04-09", "restaurant_name": "Giordanos", "stadium_name": "Comiskey Park", "current_order_number": 0, "logo_url": "http://www.secondcitypizzatours.com/GiordanosLogo_000.jpg"}}, {"pk": 2, "model": "ballpark.restaurant", "fields": {"username": "Maxwell", "delivery_fee": "2.00", "current_business_date": "2012-04-09", "restaurant_name": "Maxwell Street Original", "stadium_name": "Comiskey Park", "current_order_number": 0, "logo_url": "http://theoriginalmaxwellstreet.com/images/sign_logo.gif"}}, {"pk": 3, "model": "ballpark.restaurant", "fields": {"username": "Ginos", "delivery_fee": "2.00", "current_business_date": "2012-04-17", "restaurant_name": "Gino's East", "stadium_name": "Comiskey Park", "current_order_number": 0, "logo_url": "http://www.secondcitypizzatours.com/Gino's_Logo.jpg"}}, {"pk": 4, "model": "ballpark.restaurant", "fields": {"username": "GooseIsland", "delivery_fee": "3.00", "current_business_date": "2012-04-24", "restaurant_name": "Goose Island", "stadium_name": "Comiskey Park", "current_order_number": 1, "logo_url": "http://www.gooseisland.com/goosefilebin/images/partner_tools/logos/low_res_jpeg/GooseIsland_Corporate_Logo_Lo_Res.jpg"}}, {"pk": 5, "model": "ballpark.restaurant", "fields": {"username": "Elis", "delivery_fee": "1.00", "current_business_date": "2012-04-24", "restaurant_name": "Eli's Cheesecake", "stadium_name": "Comiskey Park", "current_order_number": 1, "logo_url": "http://larryfire.files.wordpress.com/2010/08/elis_cheesecake_logo_raster.jpg"}}, {"pk": 6, "model": "ballpark.restaurant", "fields": {"username": "HotDougs", "delivery_fee": "1.50", "current_business_date": "2012-04-17", "restaurant_name": "Hot Doug's", "stadium_name": "Comiskey Park", "current_order_number": 0, "logo_url": "http://hotdougs.com/Images/HotDougslogo_medium.jpg"}}, {"pk": 7, "model": "ballpark.restaurant", "fields": {"username": "AlsBeef", "delivery_fee": "2.25", "current_business_date": "2012-04-23", "restaurant_name": "Al's Beef", "stadium_name": "Comiskey Park", "current_order_number": 0, "logo_url": "http://evanstonlifestyle.com/blog/wp-content/uploads/2008/11/als-beef1.jpg"}}, {"pk": "Appetizers", "model": "ballpark.item_type", "fields": {}}, {"pk": "Desserts", "model": "ballpark.item_type", "fields": {}}, {"pk": "Drinks", "model": "ballpark.item_type", "fields": {}}, {"pk": "Main Dishes", "model": "ballpark.item_type", "fields": {}}, {"pk": "Side Dishes", "model": "ballpark.item_type", "fields": {}}, {"pk": 1, "model": "ballpark.menu_item", "fields": {"item_name": "Stuffed Pizza", "item_type": "Main Dishes", "picture_url": "http://www.giordanos.com/images/stuffed/pizzaone.jpg", "item_price": "15.35", "restaurant": 1}}, {"pk": 2, "model": "ballpark.menu_item", "fields": {"item_name": "Garlic Bread", "item_type": "Appetizers", "picture_url": "http://www.hgjones.org/wp-content/uploads/2012/03/1259174262-rcp-garlicbread.jpg", "item_price": "2.75", "restaurant": 1}}, {"pk": 3, "model": "ballpark.menu_item", "fields": {"item_name": "Meatball Sandwich", "item_type": "Main Dishes", "picture_url": "http://newyork.seriouseats.com/images/2012/01/20120111-meatball-sandwich.jpg", "item_price": "7.75", "restaurant": 1}}, {"pk": 4, "model": "ballpark.menu_item", "fields": {"item_name": "Budweiser", "item_type": "Drinks", "picture_url": "http://gregguide.com/wp-content/uploads/2010/03/budweiser.jpg", "item_price": "3.95", "restaurant": 1}}, {"pk": 5, "model": "ballpark.menu_item", "fields": {"item_name": "Hamburger", "item_type": "Main Dishes", "picture_url": "http://upload.wikimedia.org/wikipedia/commons/d/d7/McDonald's_Hamburger_2007.jpg", "item_price": "2.50", "restaurant": 2}}, {"pk": 6, "model": "ballpark.menu_item", "fields": {"item_name": "Cheeseburger", "item_type": "Main Dishes", "picture_url": "http://farm3.static.flickr.com/2756/4522641014_06326f2b2f.jpg", "item_price": "2.95", "restaurant": 2}}, {"pk": 7, "model": "ballpark.menu_item", "fields": {"item_name": "Fries", "item_type": "Appetizers", "picture_url": "http://pennyhaw.files.wordpress.com/2011/04/fries.jpg", "item_price": "1.25", "restaurant": 2}}, {"pk": 8, "model": "ballpark.menu_item", "fields": {"item_name": "Coke", "item_type": "Drinks", "picture_url": "http://warrencbennett.files.wordpress.com/2012/01/coke.jpg", "item_price": "0.75", "restaurant": 2}}, {"pk": 9, "model": "ballpark.menu_item", "fields": {"item_name": "Root Beer Float", "item_type": "Drinks", "picture_url": "http://www.mightysweet.com/mesohungry/wp-content/uploads/2009/08/17-99cent-Root-Beer-Float-at-Venice-Beach.jpg", "item_price": "4.50", "restaurant": 3}}, {"pk": 10, "model": "ballpark.menu_item", "fields": {"item_name": "Pepperoni Slice", "item_type": "Main Dishes", "picture_url": "http://www.thecookbookchronicles.com/blog/wp-content/uploads/2009/08/ginoseast8.jpg", "item_price": "3.99", "restaurant": 3}}, {"pk": 11, "model": "ballpark.menu_item", "fields": {"item_name": "Sausage Slice", "item_type": "Main Dishes", "picture_url": "http://slice.seriouseats.com/images/2011/07/20110720-161716-Chicago-Ginos-East-Deep-Dish-Slice-CC.jpg", "item_price": "3.99", "restaurant": 3}}, {"pk": 12, "model": "ballpark.menu_item", "fields": {"item_name": "Garlic Sticks", "item_type": "Side Dishes", "picture_url": "http://www.ginosonhiggins.com/images/goh_app.jpg", "item_price": "5.99", "restaurant": 3}}, {"pk": 13, "model": "ballpark.menu_item", "fields": {"item_name": "Pepe Nero", "item_type": "Drinks", "picture_url": "http://www.drinkingrealbeer.com/wp-content/uploads/2011/02/goose-island-pepe-nero.jpg", "item_price": "8.00", "restaurant": 4}}, {"pk": 14, "model": "ballpark.menu_item", "fields": {"item_name": "Honker's Ale", "item_type": "Drinks", "picture_url": "http://4.bp.blogspot.com/-fAQSHGSVnUc/Tyn-8cdfFtI/AAAAAAAAAB8/go2DTf533RU/s1600/Goose+Island+Honker's+Ale.jpg", "item_price": "6.00", "restaurant": 4}}, {"pk": 15, "model": "ballpark.menu_item", "fields": {"item_name": "312 Urban Wheat Ale", "item_type": "Drinks", "picture_url": "http://beercraving.com/sites/default/files/imagecache/beer_full/goose312_0.jpeg", "item_price": "5.00", "restaurant": 4}}, {"pk": 16, "model": "ballpark.menu_item", "fields": {"item_name": "Turtle Cheesecake", "item_type": "Desserts", "picture_url": "http://www.atlantic.k12.ia.us/~2015008/images/turtlecheesecake.jpg", "item_price": "6.00", "restaurant": 5}}, {"pk": 17, "model": "ballpark.menu_item", "fields": {"item_name": "Original Cheesecake", "item_type": "Desserts", "picture_url": "http://www.americanfoodandag.com/NewsLetter/Images/eli-cheesecake-Original.jpg", "item_price": "5.00", "restaurant": 5}}, {"pk": 18, "model": "ballpark.menu_item", "fields": {"item_name": "Duck Fat Fries", "item_type": "Side Dishes", "picture_url": "http://media.avclub.com/images/articles/article/24974/HD_duckfatFF_Decider_jpg_627x325_crop_upscale_q85.jpg", "item_price": "3.50", "restaurant": 6}}, {"pk": 19, "model": "ballpark.menu_item", "fields": {"item_name": "Tater Tots", "item_type": "Side Dishes", "picture_url": "http://s3-media3.ak.yelpcdn.com/bphoto/5zG4s2e04WGH_YAeyG2Z5Q/l.jpg", "item_price": "3.00", "restaurant": 6}}, {"pk": 20, "model": "ballpark.menu_item", "fields": {"item_name": "The Dave Pound", "item_type": "Main Dishes", "picture_url": "http://farm7.static.flickr.com/6140/5983349794_8b8095ea40.jpg", "item_price": "1.50", "restaurant": 6}}, {"pk": 21, "model": "ballpark.menu_item", "fields": {"item_name": "The Dog", "item_type": "Main Dishes", "picture_url": "http://www.seriouseats.com/images/20090915-hot-douggies.jpg", "item_price": "2.00", "restaurant": 6}}, {"pk": 22, "model": "ballpark.menu_item", "fields": {"item_name": "Bleu Cheese Fries", "item_type": "Side Dishes", "picture_url": "http://seanlockedigitalimagery.files.wordpress.com/2009/07/als_22.jpg?w=450", "item_price": "3.50", "restaurant": 7}}, {"pk": 23, "model": "ballpark.menu_item", "fields": {"item_name": "BBQ Burger", "item_type": "Main Dishes", "picture_url": "http://3.bp.blogspot.com/-ku7jyoiulcM/TtLAUuiOlFI/AAAAAAAAASU/whkSjpsBDsQ/s1600/SAM_0912.JPG", "item_price": "5.99", "restaurant": 7}}, {"pk": 24, "model": "ballpark.menu_item", "fields": {"item_name": "Italian Beef", "item_type": "Main Dishes", "picture_url": "http://unbreaded.com/wp-content/uploads/2009/04/als-beef-chicago.jpg", "item_price": "5.99", "restaurant": 7}}, {"pk": 25, "model": "ballpark.menu_item", "fields": {"item_name": "Polish with Fries", "item_type": "Main Dishes", "picture_url": "http://chicago.seriouseats.com/images/20120113-187464-standing-room-only-als-under-the-l-fries.jpg", "item_price": "5.00", "restaurant": 7}}, {"pk": 26, "model": "ballpark.menu_item", "fields": {"item_name": "Italian Sausage", "item_type": "Main Dishes", "picture_url": "http://www.phdelicious.com/images/Alsbeefshop/comboall.jpg", "item_price": "4.00", "restaurant": 7}}, {"pk": 1, "model": "ballpark.extra_item", "fields": {"extra_name": "Tomatoes", "extra_price": "0.75", "restaurant": 1}}, {"pk": 2, "model": "ballpark.extra_item", "fields": {"extra_name": "Cheese", "extra_price": "0.95", "restaurant": 1}}, {"pk": 3, "model": "ballpark.extra_item", "fields": {"extra_name": "Garlic", "extra_price": "0.00", "restaurant": 1}}, {"pk": 4, "model": "ballpark.extra_item", "fields": {"extra_name": "Pepper", "extra_price": "0.00", "restaurant": 1}}, {"pk": 5, "model": "ballpark.extra_item", "fields": {"extra_name": "Ketchup", "extra_price": "0.00", "restaurant": 2}}, {"pk": 6, "model": "ballpark.extra_item", "fields": {"extra_name": "Mustard", "extra_price": "0.00", "restaurant": 2}}, {"pk": 7, "model": "ballpark.extra_item", "fields": {"extra_name": "Salt", "extra_price": "0.00", "restaurant": 2}}, {"pk": 8, "model": "ballpark.extra_item", "fields": {"extra_name": "Lemon", "extra_price": "0.50", "restaurant": 4}}, {"pk": 9, "model": "ballpark.extra_item", "fields": {"extra_name": "Lime", "extra_price": "0.50", "restaurant": 4}}, {"pk": 10, "model": "ballpark.extra_item", "fields": {"extra_name": "Whipped Cream", "extra_price": "1.00", "restaurant": 5}}, {"pk": 11, "model": "ballpark.extra_item", "fields": {"extra_name": "Chocolate Chips", "extra_price": "1.00", "restaurant": 5}}, {"pk": 12, "model": "ballpark.extra_item", "fields": {"extra_name": "Chocolate Sauce", "extra_price": "0.75", "restaurant": 5}}, {"pk": 13, "model": "ballpark.extra_item", "fields": {"extra_name": "Strawberry Toppings", "extra_price": "1.50", "restaurant": 5}}, {"pk": 14, "model": "ballpark.extra_item", "fields": {"extra_name": "Blueberry Toppings", "extra_price": "1.50", "restaurant": 5}}, {"pk": 15, "model": "ballpark.extra_item", "fields": {"extra_name": "Hot Peppers", "extra_price": "0.50", "restaurant": 3}}, {"pk": 16, "model": "ballpark.extra_item", "fields": {"extra_name": "Parmesan Cheese", "extra_price": "0.25", "restaurant": 3}}, {"pk": 17, "model": "ballpark.extra_item", "fields": {"extra_name": "Bacon Bits", "extra_price": "1.00", "restaurant": 3}}, {"pk": 18, "model": "ballpark.extra_item", "fields": {"extra_name": "Ketchup", "extra_price": "0.00", "restaurant": 6}}, {"pk": 19, "model": "ballpark.extra_item", "fields": {"extra_name": "Mustard", "extra_price": "0.00", "restaurant": 6}}, {"pk": 20, "model": "ballpark.extra_item", "fields": {"extra_name": "Salt", "extra_price": "0.00", "restaurant": 6}}, {"pk": 21, "model": "ballpark.extra_item", "fields": {"extra_name": "Hot Peppers", "extra_price": "1.00", "restaurant": 7}}, {"pk": 22, "model": "ballpark.extra_item", "fields": {"extra_name": "Ketchup", "extra_price": "0.00", "restaurant": 7}}, {"pk": 23, "model": "ballpark.extra_item", "fields": {"extra_name": "Mustard", "extra_price": "0.00", "restaurant": 7}}, {"pk": "Arrived", "model": "ballpark.status_description", "fields": {}}, {"pk": "Cooking", "model": "ballpark.status_description", "fields": {}}, {"pk": "In Delivery", "model": "ballpark.status_description", "fields": {}}, {"pk": "username", "model": "ballpark.customer", "fields": {"cc_name": "user", "cc_number": "1234567890123456", "cc_exp_month": "4", "seat_number": "A123", "password": "password", "cc_exp_year": "2012"}}, {"pk": "user1", "model": "ballpark.customer", "fields": {"cc_name": "Seth Thompson", "cc_number": "555555555555555", "cc_exp_month": "1", "seat_number": "A123", "password": "password", "cc_exp_year": "2012"}}, {"pk": 1, "model": "ballpark.order_status", "fields": {"seat_number": "password", "restaurant": 4, "date_of_order": "2012-04-24", "user": "user1", "order_status_description": "Cooking", "order_number": 1}}, {"pk": 2, "model": "ballpark.order_status", "fields": {"seat_number": "password", "restaurant": 5, "date_of_order": "2012-04-24", "user": "user1", "order_status_description": "Arrived", "order_number": 1}}, {"pk": 1, "model": "ballpark.order", "fields": {"item_number": 1, "item_name": "312 Urban Wheat Ale", "item_quantity": 1, "order_number": 1, "item_price": "5.00"}}, {"pk": 2, "model": "ballpark.order", "fields": {"item_number": 1, "item_name": "Original Cheesecake", "item_quantity": 10, "order_number": 2, "item_price": "5.00"}}, {"pk": 1, "model": "ballpark.order_extra", "fields": {"extra_name": "Lemon", "order_number": 1, "extra_price": "0.50"}}, {"pk": 2, "model": "ballpark.order_extra", "fields": {"extra_name": "Lime", "order_number": 1, "extra_price": "0.50"}}, {"pk": 3, "model": "ballpark.order_extra", "fields": {"extra_name": "Blueberry Toppings", "order_number": 2, "extra_price": "1.50"}}, {"pk": 4, "model": "ballpark.order_extra", "fields": {"extra_name": "Chocolate Chips", "order_number": 2, "extra_price": "1.00"}}, {"pk": 5, "model": "ballpark.order_extra", "fields": {"extra_name": "Chocolate Sauce", "order_number": 2, "extra_price": "0.75"}}, {"pk": 6, "model": "ballpark.order_extra", "fields": {"extra_name": "Strawberry Toppings", "order_number": 2, "extra_price": "1.50"}}, {"pk": 7, "model": "ballpark.order_extra", "fields": {"extra_name": "Whipped Cream", "order_number": 2, "extra_price": "1.00"}}, {"pk": 16, "model": "auth.permission", "fields": {"codename": "add_logentry", "name": "Can add log entry", "content_type": 6}}, {"pk": 17, "model": "auth.permission", "fields": {"codename": "change_logentry", "name": "Can change log entry", "content_type": 6}}, {"pk": 18, "model": "auth.permission", "fields": {"codename": "delete_logentry", "name": "Can delete log entry", "content_type": 6}}, {"pk": 4, "model": "auth.permission", "fields": {"codename": "add_group", "name": "Can add group", "content_type": 2}}, {"pk": 5, "model": "auth.permission", "fields": {"codename": "change_group", "name": "Can change group", "content_type": 2}}, {"pk": 6, "model": "auth.permission", "fields": {"codename": "delete_group", "name": "Can delete group", "content_type": 2}}, {"pk": 1, "model": "auth.permission", "fields": {"codename": "add_permission", "name": "Can add permission", "content_type": 1}}, {"pk": 2, "model": "auth.permission", "fields": {"codename": "change_permission", "name": "Can change permission", "content_type": 1}}, {"pk": 3, "model": "auth.permission", "fields": {"codename": "delete_permission", "name": "Can delete permission", "content_type": 1}}, {"pk": 7, "model": "auth.permission", "fields": {"codename": "add_user", "name": "Can add user", "content_type": 3}}, {"pk": 8, "model": "auth.permission", "fields": {"codename": "change_user", "name": "Can change user", "content_type": 3}}, {"pk": 9, "model": "auth.permission", "fields": {"codename": "delete_user", "name": "Can delete user", "content_type": 3}}, {"pk": 49, "model": "auth.permission", "fields": {"codename": "add_cart", "name": "Can add cart", "content_type": 17}}, {"pk": 50, "model": "auth.permission", "fields": {"codename": "change_cart", "name": "Can change cart", "content_type": 17}}, {"pk": 51, "model": "auth.permission", "fields": {"codename": "delete_cart", "name": "Can delete cart", "content_type": 17}}, {"pk": 52, "model": "auth.permission", "fields": {"codename": "add_cart_extra", "name": "Can add cart_extra", "content_type": 18}}, {"pk": 53, "model": "auth.permission", "fields": {"codename": "change_cart_extra", "name": "Can change cart_extra", "content_type": 18}}, {"pk": 54, "model": "auth.permission", "fields": {"codename": "delete_cart_extra", "name": "Can delete cart_extra", "content_type": 18}}, {"pk": 46, "model": "auth.permission", "fields": {"codename": "add_customer", "name": "Can add customer", "content_type": 16}}, {"pk": 47, "model": "auth.permission", "fields": {"codename": "change_customer", "name": "Can change customer", "content_type": 16}}, {"pk": 48, "model": "auth.permission", "fields": {"codename": "delete_customer", "name": "Can delete customer", "content_type": 16}}, {"pk": 31, "model": "auth.permission", "fields": {"codename": "add_extra_item", "name": "Can add extra_item", "content_type": 11}}, {"pk": 32, "model": "auth.permission", "fields": {"codename": "change_extra_item", "name": "Can change extra_item", "content_type": 11}}, {"pk": 33, "model": "auth.permission", "fields": {"codename": "delete_extra_item", "name": "Can delete extra_item", "content_type": 11}}, {"pk": 25, "model": "auth.permission", "fields": {"codename": "add_item_type", "name": "Can add item_type", "content_type": 9}}, {"pk": 26, "model": "auth.permission", "fields": {"codename": "change_item_type", "name": "Can change item_type", "content_type": 9}}, {"pk": 27, "model": "auth.permission", "fields": {"codename": "delete_item_type", "name": "Can delete item_type", "content_type": 9}}, {"pk": 28, "model": "auth.permission", "fields": {"codename": "add_menu_item", "name": "Can add menu_item", "content_type": 10}}, {"pk": 29, "model": "auth.permission", "fields": {"codename": "change_menu_item", "name": "Can change menu_item", "content_type": 10}}, {"pk": 30, "model": "auth.permission", "fields": {"codename": "delete_menu_item", "name": "Can delete menu_item", "content_type": 10}}, {"pk": 40, "model": "auth.permission", "fields": {"codename": "add_order", "name": "Can add order", "content_type": 14}}, {"pk": 41, "model": "auth.permission", "fields": {"codename": "change_order", "name": "Can change order", "content_type": 14}}, {"pk": 42, "model": "auth.permission", "fields": {"codename": "delete_order", "name": "Can delete order", "content_type": 14}}, {"pk": 43, "model": "auth.permission", "fields": {"codename": "add_order_extra", "name": "Can add order_extra", "content_type": 15}}, {"pk": 44, "model": "auth.permission", "fields": {"codename": "change_order_extra", "name": "Can change order_extra", "content_type": 15}}, {"pk": 45, "model": "auth.permission", "fields": {"codename": "delete_order_extra", "name": "Can delete order_extra", "content_type": 15}}, {"pk": 37, "model": "auth.permission", "fields": {"codename": "add_order_status", "name": "Can add order_status", "content_type": 13}}, {"pk": 38, "model": "auth.permission", "fields": {"codename": "change_order_status", "name": "Can change order_status", "content_type": 13}}, {"pk": 39, "model": "auth.permission", "fields": {"codename": "delete_order_status", "name": "Can delete order_status", "content_type": 13}}, {"pk": 22, "model": "auth.permission", "fields": {"codename": "add_restaurant", "name": "Can add restaurant", "content_type": 8}}, {"pk": 23, "model": "auth.permission", "fields": {"codename": "change_restaurant", "name": "Can change restaurant", "content_type": 8}}, {"pk": 24, "model": "auth.permission", "fields": {"codename": "delete_restaurant", "name": "Can delete restaurant", "content_type": 8}}, {"pk": 19, "model": "auth.permission", "fields": {"codename": "add_stadium", "name": "Can add stadium", "content_type": 7}}, {"pk": 20, "model": "auth.permission", "fields": {"codename": "change_stadium", "name": "Can change stadium", "content_type": 7}}, {"pk": 21, "model": "auth.permission", "fields": {"codename": "delete_stadium", "name": "Can delete stadium", "content_type": 7}}, {"pk": 34, "model": "auth.permission", "fields": {"codename": "add_status_description", "name": "Can add status_description", "content_type": 12}}, {"pk": 35, "model": "auth.permission", "fields": {"codename": "change_status_description", "name": "Can change status_description", "content_type": 12}}, {"pk": 36, "model": "auth.permission", "fields": {"codename": "delete_status_description", "name": "Can delete status_description", "content_type": 12}}, {"pk": 10, "model": "auth.permission", "fields": {"codename": "add_contenttype", "name": "Can add content type", "content_type": 4}}, {"pk": 11, "model": "auth.permission", "fields": {"codename": "change_contenttype", "name": "Can change content type", "content_type": 4}}, {"pk": 12, "model": "auth.permission", "fields": {"codename": "delete_contenttype", "name": "Can delete content type", "content_type": 4}}, {"pk": 13, "model": "auth.permission", "fields": {"codename": "add_session", "name": "Can add session", "content_type": 5}}, {"pk": 14, "model": "auth.permission", "fields": {"codename": "change_session", "name": "Can change session", "content_type": 5}}, {"pk": 15, "model": "auth.permission", "fields": {"codename": "delete_session", "name": "Can delete session", "content_type": 5}}, {"pk": 1, "model": "auth.group", "fields": {"name": "Restaurant", "permissions": [31, 32, 33, 28, 29, 30, 40, 41, 42, 43, 44, 45, 38, 39, 23]}}, {"pk": 1, "model": "auth.user", "fields": {"username": "admin", "first_name": "", "last_name": "", "is_active": true, "is_superuser": true, "is_staff": true, "last_login": "2012-04-24T18:08:37", "groups": [], "user_permissions": [], "password": "pbkdf2_sha256$10000$imXR7Ks8DpDp$ogKk6mBHfu7QI+jAeTJwubNQPC8MTiHyk/1LOku+uLI=", "email": "cs487ballpark@iit.edu", "date_joined": "2012-04-05T02:29:40"}}, {"pk": 6, "model": "auth.user", "fields": {"username": "AlsBeef", "first_name": "", "last_name": "", "is_active": true, "is_superuser": false, "is_staff": true, "last_login": "2012-04-24T17:03:39", "groups": [1], "user_permissions": [], "password": "pbkdf2_sha256$10000$o4K0Oh8g2c3g$LRn0P0bD7/C15kIyRFcAotOqCA4qlH9vFsHnd8MISqY=", "email": "", "date_joined": "2012-04-24T02:29:57"}}, {"pk": 7, "model": "auth.user", "fields": {"username": "Giordanos", "first_name": "", "last_name": "", "is_active": true, "is_superuser": false, "is_staff": true, "last_login": "2012-04-24T03:28:55", "groups": [1], "user_permissions": [], "password": "pbkdf2_sha256$10000$BT0hSVFTTJ3l$02QR2I/zyCoMchjhkIlCqlIsTGnlM0j2IOg8lrq8MJ4=", "email": "", "date_joined": "2012-04-24T03:07:32"}}, {"pk": 8, "model": "auth.user", "fields": {"username": "Elis", "first_name": "", "last_name": "", "is_active": true, "is_superuser": false, "is_staff": true, "last_login": "2012-04-24T18:03:59", "groups": [1], "user_permissions": [], "password": "pbkdf2_sha256$10000$JFLgKyYnqpL7$8xmvHIOdRxYpv4sBKbfPn4qY5cm0D5fc7CiQnCRLYDo=", "email": "", "date_joined": "2012-04-24T03:31:38"}}, {"pk": 9, "model": "auth.user", "fields": {"username": "Ginos", "first_name": "", "last_name": "", "is_active": true, "is_superuser": false, "is_staff": true, "last_login": "2012-04-24T03:32:11", "groups": [1], "user_permissions": [], "password": "pbkdf2_sha256$10000$YHfMNUBOkhdh$JYe2mo3UWhGTTIA+HJiJuyFanSIFNp8pZiuKMJdavJI=", "email": "", "date_joined": "2012-04-24T03:32:11"}}, {"pk": 10, "model": "auth.user", "fields": {"username": "GooseIsland", "first_name": "", "last_name": "", "is_active": true, "is_superuser": false, "is_staff": true, "last_login": "2012-04-24T03:32:46", "groups": [1], "user_permissions": [], "password": "pbkdf2_sha256$10000$BL7nnlSMwq9n$/IWJAYx8Og2eurv3jd+hleDeTlhWpDEjZ7Qd1WV95Co=", "email": "", "date_joined": "2012-04-24T03:32:46"}}, {"pk": 11, "model": "auth.user", "fields": {"username": "HotDougs", "first_name": "", "last_name": "", "is_active": true, "is_superuser": false, "is_staff": true, "last_login": "2012-04-24T03:33:41", "groups": [1], "user_permissions": [], "password": "pbkdf2_sha256$10000$q4RhcjuMldAu$Q1QtxUUoFLjw0O2WhJTs0oP+T5voeP32LN/av2Se1Ao=", "email": "", "date_joined": "2012-04-24T03:33:41"}}, {"pk": 12, "model": "auth.user", "fields": {"username": "Maxwell", "first_name": "", "last_name": "", "is_active": true, "is_superuser": false, "is_staff": true, "last_login": "2012-04-24T03:34:11", "groups": [1], "user_permissions": [], "password": "pbkdf2_sha256$10000$HCrT6yA8fo9M$/7nD9dDSqYdSGgdYbCsIWVOvTxrbsk3Tv+llEvX7B50=", "email": "", "date_joined": "2012-04-24T03:34:11"}}, {"pk": 162, "model": "admin.logentry", "fields": {"action_flag": 3, "action_time": "2012-04-24T18:15:32", "object_repr": "Caramel Cheesecake", "object_id": "28", "change_message": "", "user": 8, "content_type": 10}}, {"pk": 161, "model": "admin.logentry", "fields": {"action_flag": 1, "action_time": "2012-04-24T18:14:27", "object_repr": "Caramel Cheesecake", "object_id": "28", "change_message": "", "user": 8, "content_type": 10}}, {"pk": 160, "model": "admin.logentry", "fields": {"action_flag": 3, "action_time": "2012-04-24T18:13:36", "object_repr": "Caramel Cheesecake", "object_id": "27", "change_message": "", "user": 8, "content_type": 10}}, {"pk": 159, "model": "admin.logentry", "fields": {"action_flag": 1, "action_time": "2012-04-24T18:12:01", "object_repr": "Caramel Cheesecake", "object_id": "27", "change_message": "", "user": 8, "content_type": 10}}, {"pk": 158, "model": "admin.logentry", "fields": {"action_flag": 2, "action_time": "2012-04-24T18:01:08", "object_repr": "2012-04-24: Eli's Cheesecake-Comiskey Park - Order 1", "object_id": "2", "change_message": "Changed order_status_description.", "user": 8, "content_type": 13}}, {"pk": 157, "model": "admin.logentry", "fields": {"action_flag": 2, "action_time": "2012-04-24T18:00:51", "object_repr": "2012-04-24: Eli's Cheesecake-Comiskey Park - Order 1", "object_id": "2", "change_message": "Changed order_status_description.", "user": 8, "content_type": 13}}, {"pk": 156, "model": "admin.logentry", "fields": {"action_flag": 2, "action_time": "2012-04-24T03:34:19", "object_repr": "Maxwell", "object_id": "12", "change_message": "Changed password, is_staff and groups.", "user": 1, "content_type": 3}}, {"pk": 155, "model": "admin.logentry", "fields": {"action_flag": 1, "action_time": "2012-04-24T03:34:11", "object_repr": "Maxwell", "object_id": "12", "change_message": "", "user": 1, "content_type": 3}}, {"pk": 154, "model": "admin.logentry", "fields": {"action_flag": 2, "action_time": "2012-04-24T03:33:50", "object_repr": "HotDougs", "object_id": "11", "change_message": "Changed password, is_staff and groups.", "user": 1, "content_type": 3}}, {"pk": 153, "model": "admin.logentry", "fields": {"action_flag": 1, "action_time": "2012-04-24T03:33:41", "object_repr": "HotDougs", "object_id": "11", "change_message": "", "user": 1, "content_type": 3}}, {"pk": 152, "model": "admin.logentry", "fields": {"action_flag": 2, "action_time": "2012-04-24T03:32:53", "object_repr": "GooseIsland", "object_id": "10", "change_message": "Changed password, is_staff and groups.", "user": 1, "content_type": 3}}, {"pk": 151, "model": "admin.logentry", "fields": {"action_flag": 1, "action_time": "2012-04-24T03:32:47", "object_repr": "GooseIsland", "object_id": "10", "change_message": "", "user": 1, "content_type": 3}}, {"pk": 150, "model": "admin.logentry", "fields": {"action_flag": 2, "action_time": "2012-04-24T03:32:19", "object_repr": "Ginos", "object_id": "9", "change_message": "Changed password, is_staff and groups.", "user": 1, "content_type": 3}}, {"pk": 149, "model": "admin.logentry", "fields": {"action_flag": 1, "action_time": "2012-04-24T03:32:11", "object_repr": "Ginos", "object_id": "9", "change_message": "", "user": 1, "content_type": 3}}, {"pk": 148, "model": "admin.logentry", "fields": {"action_flag": 2, "action_time": "2012-04-24T03:31:46", "object_repr": "Elis", "object_id": "8", "change_message": "Changed password, is_staff and groups.", "user": 1, "content_type": 3}}, {"pk": 147, "model": "admin.logentry", "fields": {"action_flag": 1, "action_time": "2012-04-24T03:31:38", "object_repr": "Elis", "object_id": "8", "change_message": "", "user": 1, "content_type": 3}}, {"pk": 146, "model": "admin.logentry", "fields": {"action_flag": 2, "action_time": "2012-04-24T03:29:17", "object_repr": "2012-04-24: Giordano's-Comiskey Park - Order 2", "object_id": "1", "change_message": "Changed seat_number.", "user": 7, "content_type": 13}}, {"pk": 145, "model": "admin.logentry", "fields": {"action_flag": 2, "action_time": "2012-04-24T03:28:42", "object_repr": "Restaurant", "object_id": "1", "change_message": "Changed permissions.", "user": 1, "content_type": 2}}, {"pk": 144, "model": "admin.logentry", "fields": {"action_flag": 2, "action_time": "2012-04-24T03:07:40", "object_repr": "Giordanos", "object_id": "7", "change_message": "Changed password, is_staff and groups.", "user": 1, "content_type": 3}}, {"pk": 143, "model": "admin.logentry", "fields": {"action_flag": 1, "action_time": "2012-04-24T03:07:32", "object_repr": "Giordanos", "object_id": "7", "change_message": "", "user": 1, "content_type": 3}}, {"pk": 142, "model": "admin.logentry", "fields": {"action_flag": 2, "action_time": "2012-04-24T02:30:06", "object_repr": "AlsBeef", "object_id": "6", "change_message": "Changed password, is_staff and groups.", "user": 1, "content_type": 3}}, {"pk": 141, "model": "admin.logentry", "fields": {"action_flag": 1, "action_time": "2012-04-24T02:29:57", "object_repr": "AlsBeef", "object_id": "6", "change_message": "", "user": 1, "content_type": 3}}, {"pk": 140, "model": "admin.logentry", "fields": {"action_flag": 3, "action_time": "2012-04-24T02:29:42", "object_repr": "Als-Beef", "object_id": "5", "change_message": "", "user": 1, "content_type": 3}}, {"pk": 139, "model": "admin.logentry", "fields": {"action_flag": 2, "action_time": "2012-04-24T01:43:02", "object_repr": "Als-Beef", "object_id": "5", "change_message": "Changed password and groups.", "user": 1, "content_type": 3}}, {"pk": 138, "model": "admin.logentry", "fields": {"action_flag": 2, "action_time": "2012-04-24T01:42:49", "object_repr": "Restaurant", "object_id": "1", "change_message": "No fields changed.", "user": 1, "content_type": 2}}, {"pk": 137, "model": "admin.logentry", "fields": {"action_flag": 1, "action_time": "2012-04-24T01:42:40", "object_repr": "Restaurant", "object_id": "1", "change_message": "", "user": 1, "content_type": 2}}, {"pk": 136, "model": "admin.logentry", "fields": {"action_flag": 2, "action_time": "2012-04-24T01:40:11", "object_repr": "Als-Beef", "object_id": "5", "change_message": "Changed password and is_staff.", "user": 1, "content_type": 3}}, {"pk": 135, "model": "admin.logentry", "fields": {"action_flag": 1, "action_time": "2012-04-24T01:40:03", "object_repr": "Als-Beef", "object_id": "5", "change_message": "", "user": 1, "content_type": 3}}, {"pk": 134, "model": "admin.logentry", "fields": {"action_flag": 3, "action_time": "2012-04-24T01:39:26", "object_repr": "Als-Beef", "object_id": "4", "change_message": "", "user": 1, "content_type": 3}}, {"pk": 133, "model": "admin.logentry", "fields": {"action_flag": 3, "action_time": "2012-04-24T01:38:32", "object_repr": "client", "object_id": "2", "change_message": "", "user": 1, "content_type": 3}}, {"pk": 132, "model": "admin.logentry", "fields": {"action_flag": 2, "action_time": "2012-04-18T03:03:23", "object_repr": "2012-04-17: Eli's Cheesecake-Comiskey Park - Order 1", "object_id": "12", "change_message": "Changed order_status_description.", "user": 1, "content_type": 13}}, {"pk": 131, "model": "admin.logentry", "fields": {"action_flag": 2, "action_time": "2012-04-18T03:03:14", "object_repr": "2012-04-17: Gino's East-Comiskey Park - Order 1", "object_id": "13", "change_message": "Changed order_status_description.", "user": 1, "content_type": 13}}, {"pk": 130, "model": "admin.logentry", "fields": {"action_flag": 2, "action_time": "2012-04-17T14:35:15", "object_repr": "Als-Beef", "object_id": "4", "change_message": "Changed password and user_permissions.", "user": 1, "content_type": 3}}, {"pk": 129, "model": "admin.logentry", "fields": {"action_flag": 2, "action_time": "2012-04-17T14:32:37", "object_repr": "Als-Beef", "object_id": "4", "change_message": "Changed password and user_permissions.", "user": 1, "content_type": 3}}, {"pk": 128, "model": "admin.logentry", "fields": {"action_flag": 2, "action_time": "2012-04-17T14:30:29", "object_repr": "Als-Beef", "object_id": "4", "change_message": "Changed password, is_staff and user_permissions.", "user": 1, "content_type": 3}}, {"pk": 127, "model": "admin.logentry", "fields": {"action_flag": 1, "action_time": "2012-04-17T14:28:38", "object_repr": "Als-Beef", "object_id": "4", "change_message": "", "user": 1, "content_type": 3}}, {"pk": 124, "model": "admin.logentry", "fields": {"action_flag": 3, "action_time": "2012-04-17T04:50:45", "object_repr": "test", "object_id": "test", "change_message": "", "user": 1, "content_type": 16}}, {"pk": 125, "model": "admin.logentry", "fields": {"action_flag": 3, "action_time": "2012-04-17T04:50:45", "object_repr": "user1", "object_id": "user1", "change_message": "", "user": 1, "content_type": 16}}, {"pk": 126, "model": "admin.logentry", "fields": {"action_flag": 3, "action_time": "2012-04-17T04:50:45", "object_repr": "username", "object_id": "username", "change_message": "", "user": 1, "content_type": 16}}, {"pk": 123, "model": "admin.logentry", "fields": {"action_flag": 3, "action_time": "2012-04-17T03:59:05", "object_repr": "username", "object_id": "username", "change_message": "", "user": 1, "content_type": 16}}, {"pk": 112, "model": "admin.logentry", "fields": {"action_flag": 3, "action_time": "2012-04-17T03:58:37", "object_repr": "2012-04-17: Giordano's-Comiskey Park - Order 1", "object_id": "1", "change_message": "", "user": 1, "content_type": 13}}, {"pk": 113, "model": "admin.logentry", "fields": {"action_flag": 3, "action_time": "2012-04-17T03:58:37", "object_repr": "2012-04-17: Giordano's-Comiskey Park - Order 2", "object_id": "2", "change_message": "", "user": 1, "content_type": 13}}, {"pk": 114, "model": "admin.logentry", "fields": {"action_flag": 3, "action_time": "2012-04-17T03:58:37", "object_repr": "2012-04-17: Giordano's-Comiskey Park - Order 3", "object_id": "3", "change_message": "", "user": 1, "content_type": 13}}, {"pk": 115, "model": "admin.logentry", "fields": {"action_flag": 3, "action_time": "2012-04-17T03:58:37", "object_repr": "2012-04-17: Giordano's-Comiskey Park - Order 4", "object_id": "4", "change_message": "", "user": 1, "content_type": 13}}, {"pk": 116, "model": "admin.logentry", "fields": {"action_flag": 3, "action_time": "2012-04-17T03:58:37", "object_repr": "2012-04-17: Giordano's-Comiskey Park - Order 5", "object_id": "5", "change_message": "", "user": 1, "content_type": 13}}, {"pk": 117, "model": "admin.logentry", "fields": {"action_flag": 3, "action_time": "2012-04-17T03:58:37", "object_repr": "2012-04-17: Giordano's-Comiskey Park - Order 6", "object_id": "6", "change_message": "", "user": 1, "content_type": 13}}, {"pk": 118, "model": "admin.logentry", "fields": {"action_flag": 3, "action_time": "2012-04-17T03:58:37", "object_repr": "2012-04-17: Giordano's-Comiskey Park - Order 7", "object_id": "7", "change_message": "", "user": 1, "content_type": 13}}, {"pk": 119, "model": "admin.logentry", "fields": {"action_flag": 3, "action_time": "2012-04-17T03:58:37", "object_repr": "2012-04-17: Giordano's-Comiskey Park - Order 8", "object_id": "8", "change_message": "", "user": 1, "content_type": 13}}, {"pk": 120, "model": "admin.logentry", "fields": {"action_flag": 3, "action_time": "2012-04-17T03:58:37", "object_repr": "2012-04-17: Eli's Cheesecake-Comiskey Park - Order 1", "object_id": "9", "change_message": "", "user": 1, "content_type": 13}}, {"pk": 121, "model": "admin.logentry", "fields": {"action_flag": 3, "action_time": "2012-04-17T03:58:37", "object_repr": "2012-04-17: Al's Beef-Comiskey Park - Order 1", "object_id": "10", "change_message": "", "user": 1, "content_type": 13}}, {"pk": 122, "model": "admin.logentry", "fields": {"action_flag": 3, "action_time": "2012-04-17T03:58:37", "object_repr": "2012-04-17: Al's Beef-Comiskey Park - Order 2", "object_id": "11", "change_message": "", "user": 1, "content_type": 13}}, {"pk": 104, "model": "admin.logentry", "fields": {"action_flag": 3, "action_time": "2012-04-17T03:58:17", "object_repr": "2012-04-17: Giordano's-Comiskey Park - Order 7 Item 1 - Stuffed Pizza", "object_id": "24", "change_message": "", "user": 1, "content_type": 14}}, {"pk": 105, "model": "admin.logentry", "fields": {"action_flag": 3, "action_time": "2012-04-17T03:58:17", "object_repr": "2012-04-17: Giordano's-Comiskey Park - Order 7 Item 2 - Stuffed Pizza", "object_id": "25", "change_message": "", "user": 1, "content_type": 14}}, {"pk": 106, "model": "admin.logentry", "fields": {"action_flag": 3, "action_time": "2012-04-17T03:58:17", "object_repr": "2012-04-17: Giordano's-Comiskey Park - Order 8 Item 1 - Stuffed Pizza", "object_id": "26", "change_message": "", "user": 1, "content_type": 14}}, {"pk": 107, "model": "admin.logentry", "fields": {"action_flag": 3, "action_time": "2012-04-17T03:58:17", "object_repr": "2012-04-17: Giordano's-Comiskey Park - Order 8 Item 2 - Stuffed Pizza", "object_id": "27", "change_message": "", "user": 1, "content_type": 14}}, {"pk": 108, "model": "admin.logentry", "fields": {"action_flag": 3, "action_time": "2012-04-17T03:58:17", "object_repr": "2012-04-17: Eli's Cheesecake-Comiskey Park - Order 1 Item 1 - Turtle Cheesecake", "object_id": "28", "change_message": "", "user": 1, "content_type": 14}}, {"pk": 109, "model": "admin.logentry", "fields": {"action_flag": 3, "action_time": "2012-04-17T03:58:17", "object_repr": "2012-04-17: Al's Beef-Comiskey Park - Order 1 Item 1 - Italian Beef", "object_id": "29", "change_message": "", "user": 1, "content_type": 14}}, {"pk": 110, "model": "admin.logentry", "fields": {"action_flag": 3, "action_time": "2012-04-17T03:58:17", "object_repr": "2012-04-17: Al's Beef-Comiskey Park - Order 1 Item 2 - Italian Sausage", "object_id": "30", "change_message": "", "user": 1, "content_type": 14}}, {"pk": 111, "model": "admin.logentry", "fields": {"action_flag": 3, "action_time": "2012-04-17T03:58:17", "object_repr": "2012-04-17: Al's Beef-Comiskey Park - Order 2 Item 1 - BBQ Burger", "object_id": "31", "change_message": "", "user": 1, "content_type": 14}}, {"pk": 81, "model": "admin.logentry", "fields": {"action_flag": 3, "action_time": "2012-04-17T02:34:00", "object_repr": "2012-04-17: Giordano's-Comiskey Park - Order 1 Item 1 - Stuffed Pizza", "object_id": "1", "change_message": "", "user": 1, "content_type": 14}}, {"pk": 82, "model": "admin.logentry", "fields": {"action_flag": 3, "action_time": "2012-04-17T02:34:00", "object_repr": "2012-04-17: Giordano's-Comiskey Park - Order 2 Item 1 - Stuffed Pizza", "object_id": "2", "change_message": "", "user": 1, "content_type": 14}}, {"pk": 83, "model": "admin.logentry", "fields": {"action_flag": 3, "action_time": "2012-04-17T02:34:00", "object_repr": "2012-04-17: Giordano's-Comiskey Park - Order 2 Item 2 - Stuffed Pizza", "object_id": "3", "change_message": "", "user": 1, "content_type": 14}}, {"pk": 84, "model": "admin.logentry", "fields": {"action_flag": 3, "action_time": "2012-04-17T02:34:00", "object_repr": "2012-04-17: Giordano's-Comiskey Park - Order 3 Item 1 - Stuffed Pizza", "object_id": "4", "change_message": "", "user": 1, "content_type": 14}}, {"pk": 85, "model": "admin.logentry", "fields": {"action_flag": 3, "action_time": "2012-04-17T02:34:00", "object_repr": "2012-04-17: Giordano's-Comiskey Park - Order 3 Item 2 - Stuffed Pizza", "object_id": "5", "change_message": "", "user": 1, "content_type": 14}}, {"pk": 86, "model": "admin.logentry", "fields": {"action_flag": 3, "action_time": "2012-04-17T02:34:00", "object_repr": "2012-04-17: Giordano's-Comiskey Park - Order 4 Item 1 - Stuffed Pizza", "object_id": "6", "change_message": "", "user": 1, "content_type": 14}}, {"pk": 87, "model": "admin.logentry", "fields": {"action_flag": 3, "action_time": "2012-04-17T02:34:00", "object_repr": "2012-04-17: Giordano's-Comiskey Park - Order 4 Item 2 - Stuffed Pizza", "object_id": "7", "change_message": "", "user": 1, "content_type": 14}}, {"pk": 88, "model": "admin.logentry", "fields": {"action_flag": 3, "action_time": "2012-04-17T02:34:00", "object_repr": "2012-04-17: Giordano's-Comiskey Park - Order 4 Item 3 - Stuffed Pizza", "object_id": "8", "change_message": "", "user": 1, "content_type": 14}}, {"pk": 89, "model": "admin.logentry", "fields": {"action_flag": 3, "action_time": "2012-04-17T02:34:00", "object_repr": "2012-04-17: Giordano's-Comiskey Park - Order 4 Item 4 - Stuffed Pizza", "object_id": "9", "change_message": "", "user": 1, "content_type": 14}}, {"pk": 90, "model": "admin.logentry", "fields": {"action_flag": 3, "action_time": "2012-04-17T02:34:00", "object_repr": "2012-04-17: Giordano's-Comiskey Park - Order 4 Item 5 - Stuffed Pizza", "object_id": "10", "change_message": "", "user": 1, "content_type": 14}}, {"pk": 91, "model": "admin.logentry", "fields": {"action_flag": 3, "action_time": "2012-04-17T02:34:00", "object_repr": "2012-04-17: Giordano's-Comiskey Park - Order 4 Item 6 - Stuffed Pizza", "object_id": "11", "change_message": "", "user": 1, "content_type": 14}}, {"pk": 92, "model": "admin.logentry", "fields": {"action_flag": 3, "action_time": "2012-04-17T02:34:00", "object_repr": "2012-04-17: Giordano's-Comiskey Park - Order 4 Item 7 - Stuffed Pizza", "object_id": "12", "change_message": "", "user": 1, "content_type": 14}}, {"pk": 93, "model": "admin.logentry", "fields": {"action_flag": 3, "action_time": "2012-04-17T02:34:00", "object_repr": "2012-04-17: Giordano's-Comiskey Park - Order 4 Item 8 - Stuffed Pizza", "object_id": "13", "change_message": "", "user": 1, "content_type": 14}}, {"pk": 94, "model": "admin.logentry", "fields": {"action_flag": 3, "action_time": "2012-04-17T02:34:00", "object_repr": "2012-04-17: Giordano's-Comiskey Park - Order 4 Item 9 - Stuffed Pizza", "object_id": "14", "change_message": "", "user": 1, "content_type": 14}}, {"pk": 95, "model": "admin.logentry", "fields": {"action_flag": 3, "action_time": "2012-04-17T02:34:00", "object_repr": "2012-04-17: Giordano's-Comiskey Park - Order 4 Item 10 - Stuffed Pizza", "object_id": "15", "change_message": "", "user": 1, "content_type": 14}}, {"pk": 96, "model": "admin.logentry", "fields": {"action_flag": 3, "action_time": "2012-04-17T02:34:00", "object_repr": "2012-04-17: Giordano's-Comiskey Park - Order 5 Item 1 - Stuffed Pizza", "object_id": "16", "change_message": "", "user": 1, "content_type": 14}}, {"pk": 97, "model": "admin.logentry", "fields": {"action_flag": 3, "action_time": "2012-04-17T02:34:00", "object_repr": "2012-04-17: Giordano's-Comiskey Park - Order 5 Item 2 - Stuffed Pizza", "object_id": "17", "change_message": "", "user": 1, "content_type": 14}}, {"pk": 98, "model": "admin.logentry", "fields": {"action_flag": 3, "action_time": "2012-04-17T02:34:00", "object_repr": "2012-04-17: Giordano's-Comiskey Park - Order 5 Item 3 - Stuffed Pizza", "object_id": "18", "change_message": "", "user": 1, "content_type": 14}}, {"pk": 99, "model": "admin.logentry", "fields": {"action_flag": 3, "action_time": "2012-04-17T02:34:00", "object_repr": "2012-04-17: Giordano's-Comiskey Park - Order 5 Item 4 - Stuffed Pizza", "object_id": "19", "change_message": "", "user": 1, "content_type": 14}}, {"pk": 100, "model": "admin.logentry", "fields": {"action_flag": 3, "action_time": "2012-04-17T02:34:00", "object_repr": "2012-04-17: Giordano's-Comiskey Park - Order 5 Item 5 - Stuffed Pizza", "object_id": "20", "change_message": "", "user": 1, "content_type": 14}}, {"pk": 101, "model": "admin.logentry", "fields": {"action_flag": 3, "action_time": "2012-04-17T02:34:00", "object_repr": "2012-04-17: Giordano's-Comiskey Park - Order 5 Item 6 - Stuffed Pizza", "object_id": "21", "change_message": "", "user": 1, "content_type": 14}}, {"pk": 102, "model": "admin.logentry", "fields": {"action_flag": 3, "action_time": "2012-04-17T02:34:00", "object_repr": "2012-04-17: Giordano's-Comiskey Park - Order 6 Item 1 - Stuffed Pizza", "object_id": "22", "change_message": "", "user": 1, "content_type": 14}}, {"pk": 103, "model": "admin.logentry", "fields": {"action_flag": 3, "action_time": "2012-04-17T02:34:00", "object_repr": "2012-04-17: Giordano's-Comiskey Park - Order 6 Item 2 - Stuffed Pizza", "object_id": "23", "change_message": "", "user": 1, "content_type": 14}}, {"pk": 79, "model": "admin.logentry", "fields": {"action_flag": 3, "action_time": "2012-04-17T02:33:39", "object_repr": "Original Cheesecake - Quantity: 1 Extra: Chocolate Sauce", "object_id": "29", "change_message": "", "user": 1, "content_type": 18}}, {"pk": 80, "model": "admin.logentry", "fields": {"action_flag": 3, "action_time": "2012-04-17T02:33:39", "object_repr": "Original Cheesecake - Quantity: 1 Extra: Strawberry Toppings", "object_id": "30", "change_message": "", "user": 1, "content_type": 18}}, {"pk": 78, "model": "admin.logentry", "fields": {"action_flag": 2, "action_time": "2012-04-16T22:47:03", "object_repr": "Giordano's-Comiskey Park", "object_id": "1", "change_message": "Changed restaurant_name.", "user": 1, "content_type": 8}}, {"pk": 77, "model": "admin.logentry", "fields": {"action_flag": 3, "action_time": "2012-04-16T13:26:56", "object_repr": "test2", "object_id": "test2", "change_message": "", "user": 1, "content_type": 7}}, {"pk": 76, "model": "admin.logentry", "fields": {"action_flag": 3, "action_time": "2012-04-16T13:26:52", "object_repr": "test1", "object_id": "test1", "change_message": "", "user": 1, "content_type": 7}}, {"pk": 75, "model": "admin.logentry", "fields": {"action_flag": 1, "action_time": "2012-04-16T13:25:49", "object_repr": "test2", "object_id": "test2", "change_message": "", "user": 1, "content_type": 7}}, {"pk": 74, "model": "admin.logentry", "fields": {"action_flag": 1, "action_time": "2012-04-16T13:25:34", "object_repr": "test1", "object_id": "test1", "change_message": "", "user": 1, "content_type": 7}}, {"pk": 73, "model": "admin.logentry", "fields": {"action_flag": 3, "action_time": "2012-04-16T12:24:24", "object_repr": "test", "object_id": "3", "change_message": "", "user": 1, "content_type": 3}}, {"pk": 72, "model": "admin.logentry", "fields": {"action_flag": 2, "action_time": "2012-04-16T11:56:07", "object_repr": "test", "object_id": "3", "change_message": "Changed password.", "user": 1, "content_type": 3}}, {"pk": 71, "model": "admin.logentry", "fields": {"action_flag": 1, "action_time": "2012-04-16T11:55:56", "object_repr": "test", "object_id": "3", "change_message": "", "user": 1, "content_type": 3}}, {"pk": 70, "model": "admin.logentry", "fields": {"action_flag": 2, "action_time": "2012-04-12T17:08:00", "object_repr": "client", "object_id": "2", "change_message": "Changed password, is_staff and user_permissions.", "user": 1, "content_type": 3}}, {"pk": 69, "model": "admin.logentry", "fields": {"action_flag": 1, "action_time": "2012-04-12T17:07:24", "object_repr": "client", "object_id": "2", "change_message": "", "user": 1, "content_type": 3}}, {"pk": 68, "model": "admin.logentry", "fields": {"action_flag": 1, "action_time": "2012-04-10T15:26:17", "object_repr": "Mustard", "object_id": "23", "change_message": "", "user": 1, "content_type": 11}}, {"pk": 67, "model": "admin.logentry", "fields": {"action_flag": 1, "action_time": "2012-04-10T15:26:06", "object_repr": "Ketchup", "object_id": "22", "change_message": "", "user": 1, "content_type": 11}}, {"pk": 66, "model": "admin.logentry", "fields": {"action_flag": 1, "action_time": "2012-04-10T15:25:55", "object_repr": "Hot Peppers", "object_id": "21", "change_message": "", "user": 1, "content_type": 11}}, {"pk": 65, "model": "admin.logentry", "fields": {"action_flag": 1, "action_time": "2012-04-10T15:25:40", "object_repr": "Salt", "object_id": "20", "change_message": "", "user": 1, "content_type": 11}}, {"pk": 64, "model": "admin.logentry", "fields": {"action_flag": 1, "action_time": "2012-04-10T15:25:20", "object_repr": "Mustard", "object_id": "19", "change_message": "", "user": 1, "content_type": 11}}, {"pk": 63, "model": "admin.logentry", "fields": {"action_flag": 1, "action_time": "2012-04-10T15:25:01", "object_repr": "Ketchup", "object_id": "18", "change_message": "", "user": 1, "content_type": 11}}, {"pk": 62, "model": "admin.logentry", "fields": {"action_flag": 1, "action_time": "2012-04-10T15:24:37", "object_repr": "Bacon Bits", "object_id": "17", "change_message": "", "user": 1, "content_type": 11}}, {"pk": 61, "model": "admin.logentry", "fields": {"action_flag": 1, "action_time": "2012-04-10T15:24:05", "object_repr": "Parmesan Cheese", "object_id": "16", "change_message": "", "user": 1, "content_type": 11}}, {"pk": 60, "model": "admin.logentry", "fields": {"action_flag": 1, "action_time": "2012-04-10T15:23:22", "object_repr": "Hot Peppers", "object_id": "15", "change_message": "", "user": 1, "content_type": 11}}, {"pk": 59, "model": "admin.logentry", "fields": {"action_flag": 1, "action_time": "2012-04-10T15:22:53", "object_repr": "Blueberry Toppings", "object_id": "14", "change_message": "", "user": 1, "content_type": 11}}, {"pk": 58, "model": "admin.logentry", "fields": {"action_flag": 1, "action_time": "2012-04-10T15:22:12", "object_repr": "Strawberry Toppings", "object_id": "13", "change_message": "", "user": 1, "content_type": 11}}, {"pk": 57, "model": "admin.logentry", "fields": {"action_flag": 1, "action_time": "2012-04-10T15:21:53", "object_repr": "Chocolate Sauce", "object_id": "12", "change_message": "", "user": 1, "content_type": 11}}, {"pk": 56, "model": "admin.logentry", "fields": {"action_flag": 1, "action_time": "2012-04-10T15:21:28", "object_repr": "Chocolate Chips", "object_id": "11", "change_message": "", "user": 1, "content_type": 11}}, {"pk": 55, "model": "admin.logentry", "fields": {"action_flag": 1, "action_time": "2012-04-10T15:21:06", "object_repr": "Whipped Cream", "object_id": "10", "change_message": "", "user": 1, "content_type": 11}}, {"pk": 54, "model": "admin.logentry", "fields": {"action_flag": 1, "action_time": "2012-04-10T15:20:45", "object_repr": "Lime", "object_id": "9", "change_message": "", "user": 1, "content_type": 11}}, {"pk": 53, "model": "admin.logentry", "fields": {"action_flag": 1, "action_time": "2012-04-10T15:20:32", "object_repr": "Lemon", "object_id": "8", "change_message": "", "user": 1, "content_type": 11}}, {"pk": 52, "model": "admin.logentry", "fields": {"action_flag": 1, "action_time": "2012-04-10T15:16:52", "object_repr": "Italian Sausage", "object_id": "26", "change_message": "", "user": 1, "content_type": 10}}, {"pk": 51, "model": "admin.logentry", "fields": {"action_flag": 1, "action_time": "2012-04-10T15:16:24", "object_repr": "Polish with Fries", "object_id": "25", "change_message": "", "user": 1, "content_type": 10}}, {"pk": 50, "model": "admin.logentry", "fields": {"action_flag": 1, "action_time": "2012-04-10T15:15:57", "object_repr": "Italian Beef", "object_id": "24", "change_message": "", "user": 1, "content_type": 10}}, {"pk": 49, "model": "admin.logentry", "fields": {"action_flag": 1, "action_time": "2012-04-10T15:15:29", "object_repr": "BBQ Burger", "object_id": "23", "change_message": "", "user": 1, "content_type": 10}}, {"pk": 48, "model": "admin.logentry", "fields": {"action_flag": 1, "action_time": "2012-04-10T15:14:59", "object_repr": "Bleu Cheese Fries", "object_id": "22", "change_message": "", "user": 1, "content_type": 10}}, {"pk": 47, "model": "admin.logentry", "fields": {"action_flag": 1, "action_time": "2012-04-10T15:13:54", "object_repr": "Al's Beef-Comiskey Park", "object_id": "7", "change_message": "", "user": 1, "content_type": 8}}, {"pk": 46, "model": "admin.logentry", "fields": {"action_flag": 1, "action_time": "2012-04-10T15:13:25", "object_repr": "The Dog", "object_id": "21", "change_message": "", "user": 1, "content_type": 10}}, {"pk": 45, "model": "admin.logentry", "fields": {"action_flag": 1, "action_time": "2012-04-10T15:12:35", "object_repr": "The Dave Pound", "object_id": "20", "change_message": "", "user": 1, "content_type": 10}}, {"pk": 44, "model": "admin.logentry", "fields": {"action_flag": 1, "action_time": "2012-04-10T15:12:08", "object_repr": "Tater Tots", "object_id": "19", "change_message": "", "user": 1, "content_type": 10}}, {"pk": 43, "model": "admin.logentry", "fields": {"action_flag": 1, "action_time": "2012-04-10T15:10:59", "object_repr": "Duck Fat Fries", "object_id": "18", "change_message": "", "user": 1, "content_type": 10}}, {"pk": 42, "model": "admin.logentry", "fields": {"action_flag": 1, "action_time": "2012-04-10T15:10:06", "object_repr": "Hot Doug's-Comiskey Park", "object_id": "6", "change_message": "", "user": 1, "content_type": 8}}, {"pk": 41, "model": "admin.logentry", "fields": {"action_flag": 1, "action_time": "2012-04-10T15:09:16", "object_repr": "Original Cheesecake", "object_id": "17", "change_message": "", "user": 1, "content_type": 10}}, {"pk": 40, "model": "admin.logentry", "fields": {"action_flag": 1, "action_time": "2012-04-10T15:08:14", "object_repr": "Turtle Cheesecake", "object_id": "16", "change_message": "", "user": 1, "content_type": 10}}, {"pk": 39, "model": "admin.logentry", "fields": {"action_flag": 1, "action_time": "2012-04-10T15:07:35", "object_repr": "Eli's Cheesecake-Comiskey Park", "object_id": "5", "change_message": "", "user": 1, "content_type": 8}}, {"pk": 38, "model": "admin.logentry", "fields": {"action_flag": 1, "action_time": "2012-04-10T15:06:49", "object_repr": "312 Urban Wheat Ale", "object_id": "15", "change_message": "", "user": 1, "content_type": 10}}, {"pk": 37, "model": "admin.logentry", "fields": {"action_flag": 1, "action_time": "2012-04-10T15:06:15", "object_repr": "Honker's Ale", "object_id": "14", "change_message": "", "user": 1, "content_type": 10}}, {"pk": 36, "model": "admin.logentry", "fields": {"action_flag": 1, "action_time": "2012-04-10T15:05:00", "object_repr": "Pepe Nero", "object_id": "13", "change_message": "", "user": 1, "content_type": 10}}, {"pk": 35, "model": "admin.logentry", "fields": {"action_flag": 1, "action_time": "2012-04-10T15:04:08", "object_repr": "Goose Island-Comiskey Park", "object_id": "4", "change_message": "", "user": 1, "content_type": 8}}, {"pk": 34, "model": "admin.logentry", "fields": {"action_flag": 1, "action_time": "2012-04-10T15:02:47", "object_repr": "Garlic Sticks", "object_id": "12", "change_message": "", "user": 1, "content_type": 10}}, {"pk": 33, "model": "admin.logentry", "fields": {"action_flag": 1, "action_time": "2012-04-10T15:02:04", "object_repr": "Sausage Slice", "object_id": "11", "change_message": "", "user": 1, "content_type": 10}}, {"pk": 32, "model": "admin.logentry", "fields": {"action_flag": 1, "action_time": "2012-04-10T15:01:16", "object_repr": "Pepperoni Slice", "object_id": "10", "change_message": "", "user": 1, "content_type": 10}}, {"pk": 31, "model": "admin.logentry", "fields": {"action_flag": 1, "action_time": "2012-04-10T15:00:05", "object_repr": "Root Beer Float", "object_id": "9", "change_message": "", "user": 1, "content_type": 10}}, {"pk": 30, "model": "admin.logentry", "fields": {"action_flag": 1, "action_time": "2012-04-10T14:58:54", "object_repr": "Gino's East-Comiskey Park", "object_id": "3", "change_message": "", "user": 1, "content_type": 8}}, {"pk": 29, "model": "admin.logentry", "fields": {"action_flag": 1, "action_time": "2012-04-05T03:17:59", "object_repr": "Salt", "object_id": "7", "change_message": "", "user": 1, "content_type": 11}}, {"pk": 28, "model": "admin.logentry", "fields": {"action_flag": 1, "action_time": "2012-04-05T03:17:23", "object_repr": "Mustard", "object_id": "6", "change_message": "", "user": 1, "content_type": 11}}, {"pk": 27, "model": "admin.logentry", "fields": {"action_flag": 1, "action_time": "2012-04-05T03:16:59", "object_repr": "Ketchup", "object_id": "5", "change_message": "", "user": 1, "content_type": 11}}, {"pk": 26, "model": "admin.logentry", "fields": {"action_flag": 1, "action_time": "2012-04-05T03:16:39", "object_repr": "Pepper", "object_id": "4", "change_message": "", "user": 1, "content_type": 11}}, {"pk": 25, "model": "admin.logentry", "fields": {"action_flag": 1, "action_time": "2012-04-05T03:16:25", "object_repr": "Garlic", "object_id": "3", "change_message": "", "user": 1, "content_type": 11}}, {"pk": 24, "model": "admin.logentry", "fields": {"action_flag": 1, "action_time": "2012-04-05T03:16:01", "object_repr": "Cheese", "object_id": "2", "change_message": "", "user": 1, "content_type": 11}}, {"pk": 23, "model": "admin.logentry", "fields": {"action_flag": 1, "action_time": "2012-04-05T03:15:41", "object_repr": "Tomatoes", "object_id": "1", "change_message": "", "user": 1, "content_type": 11}}, {"pk": 22, "model": "admin.logentry", "fields": {"action_flag": 1, "action_time": "2012-04-05T03:15:13", "object_repr": "Coke", "object_id": "8", "change_message": "", "user": 1, "content_type": 10}}, {"pk": 21, "model": "admin.logentry", "fields": {"action_flag": 1, "action_time": "2012-04-05T03:14:19", "object_repr": "Fries", "object_id": "7", "change_message": "", "user": 1, "content_type": 10}}, {"pk": 20, "model": "admin.logentry", "fields": {"action_flag": 1, "action_time": "2012-04-05T03:12:32", "object_repr": "Cheeseburger", "object_id": "6", "change_message": "", "user": 1, "content_type": 10}}, {"pk": 19, "model": "admin.logentry", "fields": {"action_flag": 1, "action_time": "2012-04-05T03:08:24", "object_repr": "Hamburger", "object_id": "5", "change_message": "", "user": 1, "content_type": 10}}, {"pk": 18, "model": "admin.logentry", "fields": {"action_flag": 1, "action_time": "2012-04-05T03:06:59", "object_repr": "Comiskey Park -- Maxwell Street Original", "object_id": "2", "change_message": "", "user": 1, "content_type": 8}}, {"pk": 17, "model": "admin.logentry", "fields": {"action_flag": 1, "action_time": "2012-04-05T03:04:08", "object_repr": "Budweiser", "object_id": "4", "change_message": "", "user": 1, "content_type": 10}}, {"pk": 16, "model": "admin.logentry", "fields": {"action_flag": 1, "action_time": "2012-04-05T03:01:01", "object_repr": "Meatball Sandwich", "object_id": "3", "change_message": "", "user": 1, "content_type": 10}}, {"pk": 15, "model": "admin.logentry", "fields": {"action_flag": 1, "action_time": "2012-04-05T02:56:07", "object_repr": "Garlic Bread", "object_id": "2", "change_message": "", "user": 1, "content_type": 10}}, {"pk": 14, "model": "admin.logentry", "fields": {"action_flag": 1, "action_time": "2012-04-05T02:54:30", "object_repr": "Stuffed Pizza", "object_id": "1", "change_message": "", "user": 1, "content_type": 10}}, {"pk": 13, "model": "admin.logentry", "fields": {"action_flag": 1, "action_time": "2012-04-05T02:51:54", "object_repr": "Comiskey Park -- Giordanos", "object_id": "1", "change_message": "", "user": 1, "content_type": 8}}, {"pk": 12, "model": "admin.logentry", "fields": {"action_flag": 1, "action_time": "2012-04-05T02:45:37", "object_repr": "Comiskey Park", "object_id": "Comiskey Park", "change_message": "", "user": 1, "content_type": 7}}, {"pk": 11, "model": "admin.logentry", "fields": {"action_flag": 1, "action_time": "2012-04-05T02:44:51", "object_repr": "Rose Bowl", "object_id": "Rose Bowl", "change_message": "", "user": 1, "content_type": 7}}, {"pk": 10, "model": "admin.logentry", "fields": {"action_flag": 1, "action_time": "2012-04-05T02:43:27", "object_repr": "Madison Square Garden", "object_id": "Madison Square Garden", "change_message": "", "user": 1, "content_type": 7}}, {"pk": 9, "model": "admin.logentry", "fields": {"action_flag": 1, "action_time": "2012-04-05T02:42:12", "object_repr": "Desserts", "object_id": "Desserts", "change_message": "", "user": 1, "content_type": 9}}, {"pk": 8, "model": "admin.logentry", "fields": {"action_flag": 1, "action_time": "2012-04-05T02:41:55", "object_repr": "Appetizers", "object_id": "Appetizers", "change_message": "", "user": 1, "content_type": 9}}, {"pk": 7, "model": "admin.logentry", "fields": {"action_flag": 1, "action_time": "2012-04-05T02:41:31", "object_repr": "Drinks", "object_id": "Drinks", "change_message": "", "user": 1, "content_type": 9}}, {"pk": 6, "model": "admin.logentry", "fields": {"action_flag": 1, "action_time": "2012-04-05T02:41:25", "object_repr": "Side Dishes", "object_id": "Side Dishes", "change_message": "", "user": 1, "content_type": 9}}, {"pk": 5, "model": "admin.logentry", "fields": {"action_flag": 1, "action_time": "2012-04-05T02:41:19", "object_repr": "Main Dishes", "object_id": "Main Dishes", "change_message": "", "user": 1, "content_type": 9}}, {"pk": 4, "model": "admin.logentry", "fields": {"action_flag": 1, "action_time": "2012-04-05T02:40:23", "object_repr": "Arrived", "object_id": "Arrived", "change_message": "", "user": 1, "content_type": 12}}, {"pk": 3, "model": "admin.logentry", "fields": {"action_flag": 1, "action_time": "2012-04-05T02:40:07", "object_repr": "In Delivery", "object_id": "In Delivery", "change_message": "", "user": 1, "content_type": 12}}, {"pk": 2, "model": "admin.logentry", "fields": {"action_flag": 1, "action_time": "2012-04-05T02:38:06", "object_repr": "Cooking", "object_id": "Cooking", "change_message": "", "user": 1, "content_type": 12}}, {"pk": 1, "model": "admin.logentry", "fields": {"action_flag": 1, "action_time": "2012-04-05T02:35:21", "object_repr": "Cowboys Stadium", "object_id": "Cowboys Stadium", "change_message": "", "user": 1, "content_type": 7}}]