[{"pk": "Cowboys Stadium", "model": "ballpark.stadium", "fields": {"latitude": "32.7477780", "longitude": "-97.0927780"}}, {"pk": "Madison Square Garden", "model": "ballpark.stadium", "fields": {"latitude": "40.7505560", "longitude": "-73.9936110"}}, {"pk": "Rose Bowl", "model": "ballpark.stadium", "fields": {"latitude": "34.1613890", "longitude": "-118.1675000"}}, {"pk": "Comiskey Park", "model": "ballpark.stadium", "fields": {"latitude": "41.8316670", "longitude": "-87.6336110"}}, {"pk": 1, "model": "ballpark.restaurant", "fields": {"delivery_fee": "2.00", "current_business_date": "2012-04-09", "restaurant_name": "Giordanos", "stadium_name": "Comiskey Park", "current_order_number": 0, "logo_url": "http://www.secondcitypizzatours.com/GiordanosLogo_000.jpg"}}, {"pk": 2, "model": "ballpark.restaurant", "fields": {"delivery_fee": "2.00", "current_business_date": "2012-04-09", "restaurant_name": "Maxwell Street Original", "stadium_name": "Comiskey Park", "current_order_number": 0, "logo_url": "http://theoriginalmaxwellstreet.com/images/sign_logo.gif"}}, {"pk": 3, "model": "ballpark.restaurant", "fields": {"delivery_fee": "2.00", "current_business_date": "2012-04-10", "restaurant_name": "Gino's East", "stadium_name": "Comiskey Park", "current_order_number": 0, "logo_url": "http://www.secondcitypizzatours.com/Gino's_Logo.jpg"}}, {"pk": 4, "model": "ballpark.restaurant", "fields": {"delivery_fee": "3.00", "current_business_date": "2012-04-10", "restaurant_name": "Goose Island", "stadium_name": "Comiskey Park", "current_order_number": 0, "logo_url": "http://www.gooseisland.com/goosefilebin/images/partner_tools/logos/low_res_jpeg/GooseIsland_Corporate_Logo_Lo_Res.jpg"}}, {"pk": 5, "model": "ballpark.restaurant", "fields": {"delivery_fee": "1.00", "current_business_date": "2012-04-10", "restaurant_name": "Eli's Cheesecake", "stadium_name": "Comiskey Park", "current_order_number": 0, "logo_url": "http://larryfire.files.wordpress.com/2010/08/elis_cheesecake_logo_raster.jpg"}}, {"pk": 6, "model": "ballpark.restaurant", "fields": {"delivery_fee": "1.50", "current_business_date": "2012-04-10", "restaurant_name": "Hot Doug's", "stadium_name": "Comiskey Park", "current_order_number": 0, "logo_url": "http://hotdougs.com/Images/HotDougslogo_medium.jpg"}}, {"pk": 7, "model": "ballpark.restaurant", "fields": {"delivery_fee": "2.25", "current_business_date": "2012-04-10", "restaurant_name": "Al's Beef", "stadium_name": "Comiskey Park", "current_order_number": 0, "logo_url": "http://evanstonlifestyle.com/blog/wp-content/uploads/2008/11/als-beef1.jpg"}}, {"pk": "Appetizers", "model": "ballpark.item_type", "fields": {}}, {"pk": "Desserts", "model": "ballpark.item_type", "fields": {}}, {"pk": "Drinks", "model": "ballpark.item_type", "fields": {}}, {"pk": "Main Dishes", "model": "ballpark.item_type", "fields": {}}, {"pk": "Side Dishes", "model": "ballpark.item_type", "fields": {}}, {"pk": 1, "model": "ballpark.menu_item", "fields": {"item_name": "Stuffed Pizza", "item_type": "Main Dishes", "picture_url": "http://www.giordanos.com/images/stuffed/pizzaone.jpg", "item_price": "15.35", "restaurant": 1}}, {"pk": 2, "model": "ballpark.menu_item", "fields": {"item_name": "Garlic Bread", "item_type": "Appetizers", "picture_url": "http://www.hgjones.org/wp-content/uploads/2012/03/1259174262-rcp-garlicbread.jpg", "item_price": "2.75", "restaurant": 1}}, {"pk": 3, "model": "ballpark.menu_item", "fields": {"item_name": "Meatball Sandwich", "item_type": "Main Dishes", "picture_url": "http://newyork.seriouseats.com/images/2012/01/20120111-meatball-sandwich.jpg", "item_price": "7.75", "restaurant": 1}}, {"pk": 4, "model": "ballpark.menu_item", "fields": {"item_name": "Budweiser", "item_type": "Drinks", "picture_url": "http://gregguide.com/wp-content/uploads/2010/03/budweiser.jpg", "item_price": "3.95", "restaurant": 1}}, {"pk": 5, "model": "ballpark.menu_item", "fields": {"item_name": "Hamburger", "item_type": "Main Dishes", "picture_url": "http://upload.wikimedia.org/wikipedia/commons/d/d7/McDonald's_Hamburger_2007.jpg", "item_price": "2.50", "restaurant": 2}}, {"pk": 6, "model": "ballpark.menu_item", "fields": {"item_name": "Cheeseburger", "item_type": "Main Dishes", "picture_url": "http://farm3.static.flickr.com/2756/4522641014_06326f2b2f.jpg", "item_price": "2.95", "restaurant": 2}}, {"pk": 7, "model": "ballpark.menu_item", "fields": {"item_name": "Fries", "item_type": "Appetizers", "picture_url": "http://pennyhaw.files.wordpress.com/2011/04/fries.jpg", "item_price": "1.25", "restaurant": 2}}, {"pk": 8, "model": "ballpark.menu_item", "fields": {"item_name": "Coke", "item_type": "Drinks", "picture_url": "http://warrencbennett.files.wordpress.com/2012/01/coke.jpg", "item_price": "0.75", "restaurant": 2}}, {"pk": 9, "model": "ballpark.menu_item", "fields": {"item_name": "Root Beer Float", "item_type": "Drinks", "picture_url": "http://www.mightysweet.com/mesohungry/wp-content/uploads/2009/08/17-99cent-Root-Beer-Float-at-Venice-Beach.jpg", "item_price": "4.50", "restaurant": 3}}, {"pk": 10, "model": "ballpark.menu_item", "fields": {"item_name": "Pepperoni Slice", "item_type": "Main Dishes", "picture_url": "http://www.thecookbookchronicles.com/blog/wp-content/uploads/2009/08/ginoseast8.jpg", "item_price": "3.99", "restaurant": 3}}, {"pk": 11, "model": "ballpark.menu_item", "fields": {"item_name": "Sausage Slice", "item_type": "Main Dishes", "picture_url": "http://slice.seriouseats.com/images/2011/07/20110720-161716-Chicago-Ginos-East-Deep-Dish-Slice-CC.jpg", "item_price": "3.99", "restaurant": 3}}, {"pk": 12, "model": "ballpark.menu_item", "fields": {"item_name": "Garlic Sticks", "item_type": "Side Dishes", "picture_url": "http://www.ginosonhiggins.com/images/goh_app.jpg", "item_price": "5.99", "restaurant": 3}}, {"pk": 13, "model": "ballpark.menu_item", "fields": {"item_name": "Pepe Nero", "item_type": "Drinks", "picture_url": "http://www.drinkingrealbeer.com/wp-content/uploads/2011/02/goose-island-pepe-nero.jpg", "item_price": "8.00", "restaurant": 4}}, {"pk": 14, "model": "ballpark.menu_item", "fields": {"item_name": "Honker's Ale", "item_type": "Drinks", "picture_url": "http://4.bp.blogspot.com/-fAQSHGSVnUc/Tyn-8cdfFtI/AAAAAAAAAB8/go2DTf533RU/s1600/Goose+Island+Honker's+Ale.jpg", "item_price": "6.00", "restaurant": 4}}, {"pk": 15, "model": "ballpark.menu_item", "fields": {"item_name": "312 Urban Wheat Ale", "item_type": "Drinks", "picture_url": "http://beercraving.com/sites/default/files/imagecache/beer_full/goose312_0.jpeg", "item_price": "5.00", "restaurant": 4}}, {"pk": 16, "model": "ballpark.menu_item", "fields": {"item_name": "Turtle Cheesecake", "item_type": "Desserts", "picture_url": "http://www.atlantic.k12.ia.us/~2015008/images/turtlecheesecake.jpg", "item_price": "6.00", "restaurant": 5}}, {"pk": 17, "model": "ballpark.menu_item", "fields": {"item_name": "Original Cheesecake", "item_type": "Desserts", "picture_url": "http://www.americanfoodandag.com/NewsLetter/Images/eli-cheesecake-Original.jpg", "item_price": "5.00", "restaurant": 5}}, {"pk": 18, "model": "ballpark.menu_item", "fields": {"item_name": "Duck Fat Fries", "item_type": "Side Dishes", "picture_url": "http://media.avclub.com/images/articles/article/24974/HD_duckfatFF_Decider_jpg_627x325_crop_upscale_q85.jpg", "item_price": "3.50", "restaurant": 6}}, {"pk": 19, "model": "ballpark.menu_item", "fields": {"item_name": "Tater Tots", "item_type": "Side Dishes", "picture_url": "http://s3-media3.ak.yelpcdn.com/bphoto/5zG4s2e04WGH_YAeyG2Z5Q/l.jpg", "item_price": "3.00", "restaurant": 6}}, {"pk": 20, "model": "ballpark.menu_item", "fields": {"item_name": "The Dave Pound", "item_type": "Main Dishes", "picture_url": "http://farm7.static.flickr.com/6140/5983349794_8b8095ea40.jpg", "item_price": "1.50", "restaurant": 6}}, {"pk": 21, "model": "ballpark.menu_item", "fields": {"item_name": "The Dog", "item_type": "Main Dishes", "picture_url": "http://www.seriouseats.com/images/20090915-hot-douggies.jpg", "item_price": "2.00", "restaurant": 6}}, {"pk": 22, "model": "ballpark.menu_item", "fields": {"item_name": "Bleu Cheese Fries", "item_type": "Side Dishes", "picture_url": "http://seanlockedigitalimagery.files.wordpress.com/2009/07/als_22.jpg?w=450", "item_price": "3.50", "restaurant": 7}}, {"pk": 23, "model": "ballpark.menu_item", "fields": {"item_name": "BBQ Burger", "item_type": "Main Dishes", "picture_url": "http://3.bp.blogspot.com/-ku7jyoiulcM/TtLAUuiOlFI/AAAAAAAAASU/whkSjpsBDsQ/s1600/SAM_0912.JPG", "item_price": "5.99", "restaurant": 7}}, {"pk": 24, "model": "ballpark.menu_item", "fields": {"item_name": "Italian Beef", "item_type": "Main Dishes", "picture_url": "http://unbreaded.com/wp-content/uploads/2009/04/als-beef-chicago.jpg", "item_price": "5.99", "restaurant": 7}}, {"pk": 25, "model": "ballpark.menu_item", "fields": {"item_name": "Polish with Fries", "item_type": "Main Dishes", "picture_url": "http://chicago.seriouseats.com/images/20120113-187464-standing-room-only-als-under-the-l-fries.jpg", "item_price": "5.00", "restaurant": 7}}, {"pk": 26, "model": "ballpark.menu_item", "fields": {"item_name": "Italian Sausage", "item_type": "Main Dishes", "picture_url": "http://www.phdelicious.com/images/Alsbeefshop/comboall.jpg", "item_price": "4.00", "restaurant": 7}}, {"pk": 1, "model": "ballpark.extra_item", "fields": {"extra_name": "Tomatoes", "extra_price": "0.75", "restaurant": 1}}, {"pk": 2, "model": "ballpark.extra_item", "fields": {"extra_name": "Cheese", "extra_price": "0.95", "restaurant": 1}}, {"pk": 3, "model": "ballpark.extra_item", "fields": {"extra_name": "Garlic", "extra_price": "0.00", "restaurant": 1}}, {"pk": 4, "model": "ballpark.extra_item", "fields": {"extra_name": "Pepper", "extra_price": "0.00", "restaurant": 1}}, {"pk": 5, "model": "ballpark.extra_item", "fields": {"extra_name": "Ketchup", "extra_price": "0.00", "restaurant": 2}}, {"pk": 6, "model": "ballpark.extra_item", "fields": {"extra_name": "Mustard", "extra_price": "0.00", "restaurant": 2}}, {"pk": 7, "model": "ballpark.extra_item", "fields": {"extra_name": "Salt", "extra_price": "0.00", "restaurant": 2}}, {"pk": 8, "model": "ballpark.extra_item", "fields": {"extra_name": "Lemon", "extra_price": "0.50", "restaurant": 4}}, {"pk": 9, "model": "ballpark.extra_item", "fields": {"extra_name": "Lime", "extra_price": "0.50", "restaurant": 4}}, {"pk": 10, "model": "ballpark.extra_item", "fields": {"extra_name": "Whipped Cream", "extra_price": "1.00", "restaurant": 5}}, {"pk": 11, "model": "ballpark.extra_item", "fields": {"extra_name": "Chocolate Chips", "extra_price": "1.00", "restaurant": 5}}, {"pk": 12, "model": "ballpark.extra_item", "fields": {"extra_name": "Chocolate Sauce", "extra_price": "0.75", "restaurant": 5}}, {"pk": 13, "model": "ballpark.extra_item", "fields": {"extra_name": "Strawberry Toppings", "extra_price": "1.50", "restaurant": 5}}, {"pk": 14, "model": "ballpark.extra_item", "fields": {"extra_name": "Blueberry Toppings", "extra_price": "1.50", "restaurant": 5}}, {"pk": 15, "model": "ballpark.extra_item", "fields": {"extra_name": "Hot Peppers", "extra_price": "0.50", "restaurant": 3}}, {"pk": 16, "model": "ballpark.extra_item", "fields": {"extra_name": "Parmesan Cheese", "extra_price": "0.25", "restaurant": 3}}, {"pk": 17, "model": "ballpark.extra_item", "fields": {"extra_name": "Bacon Bits", "extra_price": "1.00", "restaurant": 3}}, {"pk": 18, "model": "ballpark.extra_item", "fields": {"extra_name": "Ketchup", "extra_price": "0.00", "restaurant": 6}}, {"pk": 19, "model": "ballpark.extra_item", "fields": {"extra_name": "Mustard", "extra_price": "0.00", "restaurant": 6}}, {"pk": 20, "model": "ballpark.extra_item", "fields": {"extra_name": "Salt", "extra_price": "0.00", "restaurant": 6}}, {"pk": 21, "model": "ballpark.extra_item", "fields": {"extra_name": "Hot Peppers", "extra_price": "1.00", "restaurant": 7}}, {"pk": 22, "model": "ballpark.extra_item", "fields": {"extra_name": "Ketchup", "extra_price": "0.00", "restaurant": 7}}, {"pk": 23, "model": "ballpark.extra_item", "fields": {"extra_name": "Mustard", "extra_price": "0.00", "restaurant": 7}}, {"pk": "Arrived", "model": "ballpark.status_description", "fields": {}}, {"pk": "Cooking", "model": "ballpark.status_description", "fields": {}}, {"pk": "In Delivery", "model": "ballpark.status_description", "fields": {}}, {"pk": "user1", "model": "ballpark.customer", "fields": {"cc_name": "John Smith", "cc_number": "1234567890123456", "cc_exp_month": "12", "seat_number": "2", "password": "pass1", "cc_exp_year": "2012"}}, {"pk": "test", "model": "ballpark.customer", "fields": {"cc_name": "Bob", "cc_number": "1", "cc_exp_month": "4", "seat_number": "2", "password": "test", "cc_exp_year": "2014"}}, {"pk": "", "model": "ballpark.customer", "fields": {"cc_name": "", "cc_number": "", "cc_exp_month": "1", "seat_number": "", "password": "", "cc_exp_year": ""}}]